id,type,from,to,days,dist,key
DOM1,DOM,AKLWESTHAV,Great Barrier,7,87.9603970545836,1
DOM1,DOM,AKLWESTHAV,Little Barrier,0.5,79.2763549237728,1
DOM10,DOM,Wellington,Nelson,2,126.755320992848,10
DOM10,DOM,Wellington,Picton,10,65.1801350105997,10
DOM101,DOM,Wellington,Picton,4,65.1801350105997,101
DOM102,DOM,Tauranga,AKLWESTHAV,21,156.730126331857,102
DOM102,DOM,Tauranga,Great Barrier,7,162.671591404277,102
DOM110,DOM,AKLWESTPARK,Great Barrier,6,92.8987795937062,110
DOM110,DOM,AKLWESTPARK,Whangarei,1,120.245270177251,110
DOM111,DOM,AKLWESTHAV,Gulf Harbour,1,27.2313872213665,111
DOM113,DOM,AKLWESTHAV,Kawau Is,2,46.8842318909034,113
DOM113,DOM,AKLWESTHAV,Mahurangi Harbour,2,38.5919486421715,113
DOM114,DOM,AKLBWM,AKLWESTHAV,60,2.52604433848656,114
DOM115,DOM,Gulf Harbour,Little Barrier,4,52.6088633216875,115
DOM117,DOM,Wellington,Nelson,7,126.755320992848,117
DOM117,DOM,Wellington,Picton,12,65.1801350105997,117
DOM120,DOM,Gulf Harbour,Great Barrier,14,67.8647552121129,120
DOM120,DOM,Gulf Harbour,Opua,1,156.298564452781,120
DOM121,DOM,AKLHOBS,Tutukaka,2,139.219010914458,121
DOM121,DOM,AKLHOBS,Great Barrier,2,86.0213941412251,121
DOM121,DOM,AKLHOBS,Opua,2,182.567524494363,121
DOM121,DOM,AKLHOBS,Kerikeri,2,197.178094625138,121
DOM122,DOM,Tauranga,Mercury Islands,9,124.08349205273,122
DOM122,DOM,Tauranga,Slipper Is,3,70.8163258013292,122
DOM123,DOM,Gulf Harbour,AKLWESTHAV,1,27.2313872213665,123
DOM123,DOM,Gulf Harbour,Tutukaka,2,111.219518296026,123
DOM123,DOM,Gulf Harbour,AKLHOBS,1,28.7991362717704,123
DOM123,DOM,Gulf Harbour,Opua,4,156.298564452781,123
DOM126,DOM,Tauranga,Bay of Islands,2,324.817728002952,126
DOM126,DOM,Tauranga,AKLWESTHAV,10,156.730126331857,126
DOM128,DOM,Tauranga,Mercury Islands,8,124.08349205273,128
DOM13,DOM,AKLTamaki,AKLHMB,1,2.6032479712851,13
DOM131,DOM,AKLWESTHAV,AKLWESTPARK,30,9.29800516239908,131
DOM132,DOM,AKLWESTHAV,Tutukaka,1,136.339193557832,132
DOM132,DOM,AKLWESTHAV,Whangarei,30,125.446098783501,132
DOM132,DOM,AKLWESTHAV,Opua,3,178.950919807639,132
DOM133,DOM,AKLBWM,Great Barrier,12,85.4524619305962,133
DOM133,DOM,AKLBWM,Little Barrier,0.5,76.9044878404375,133
DOM134,DOM,Tauranga,Great Barrier,7,162.671591404277,134
DOM136,DOM,Whitianga,Poor Knight Is,1,175.522102311931,136
DOM136,DOM,Whitianga,Great Barrier,20,61.8135199612512,136
DOM138,DOM,AKLBWM,Tutukaka,2,134.718447140694,138
DOM138,DOM,AKLBWM,Great Barrier,2,85.4524619305962,138
DOM139,DOM,AKLBWM,AKLWESTHAV,1,2.52604433848656,139
DOM139,DOM,AKLBWM,Tutukaka,8,134.718447140694,139
DOM139,DOM,AKLBWM,Kawau Is,20,44.733147664791,139
DOM139,DOM,AKLBWM,Great Barrier,22,85.4524619305962,139
DOM139,DOM,AKLBWM,AKLVIA,4,2.51435876517254,139
DOM139,DOM,AKLBWM,Waiheke Island,17,22.6034068228663,139
DOM139,DOM,AKLBWM,Opua,7,177.720555929808,139
DOM139,DOM,AKLBWM,Kerikeri,22,192.287503494117,139
DOM139,DOM,AKLBWM,Coromandel,12,64.3222949295188,139
DOM141,DOM,AKLTamaki,AKLHMB,30,2.6032479712851,141
DOM141,DOM,AKLTamaki,AKLWESTPARK,90,22.1311929185934,141
DOM144,DOM,AKLHMB,Great Barrier,20,81.6589826657178,144
DOM145,DOM,Wellington,Picton,37,65.1801350105997,145
DOM147,DOM,AKLWESTHAV,Urquharts Bay,2,111.992707798321,147
DOM147,DOM,AKLWESTHAV,Tutukaka,7,136.339193557832,147
DOM147,DOM,AKLWESTHAV,Opua,4,178.950919807639,147
DOM147,DOM,AKLWESTHAV,Kerikeri,2,193.445609151513,147
DOM148,DOM,AKLBBM,Rakino Is,5,17.1983632942208,148
DOM148,DOM,AKLBBM,AKLHMB,5,1.34495353079577,148
DOM148,DOM,AKLBBM,Motuihe Is,5,7.60345316287277,148
DOM148,DOM,AKLBBM,Waiheke Island,5,12.6791364059229,148
DOM149,DOM,AKLOKAHU,Kawau Is,7,47.3954280495493,149
DOM15,DOM,Wellington,Lyttelton,7,308.516347054739,15
DOM15,DOM,Wellington,Nelson,7,126.755320992848,15
DOM15,DOM,Wellington,Picton,7,65.1801350105997,15
DOM150,DOM,AKLTamaki,AKLWESTHAV,10,12.8835554099014,150
DOM150,DOM,AKLTamaki,Great Barrier,10,84.0485053406662,150
DOM151,DOM,AKLBWM,AKLWESTHAV,60,2.52604433848656,151
DOM151,DOM,AKLBWM,Gulf Harbour,7,25.0587559547556,151
DOM154,DOM,Coromandel,Great Barrier,5,49.5610192086482,154
DOM154,DOM,Coromandel,Waiheke Island,5,41.7188881083856,154
DOM155,DOM,AKLWESTHAV,Great Barrier,4,87.9603970545836,155
DOM156,DOM,Tauranga,Great Barrier,7,162.671591404277,156
DOM157,DOM,AKLBBM,AKLHMB,14,1.34495353079577,157
DOM157,DOM,AKLBBM,Kawau Is,10,49.5989213592393,157
DOM157,DOM,AKLBBM,Great Barrier,5,80.5244264183235,157
DOM159,DOM,Gulf Harbour,Tutukaka,4,111.219518296026,159
DOM159,DOM,Gulf Harbour,Great Barrier,9,67.8647552121129,159
DOM159,DOM,Gulf Harbour,Opua,1,156.298564452781,159
DOM159,DOM,Gulf Harbour,Kerikeri,1,171.277176675703,159
DOM160,DOM,Gulf Harbour,Tutukaka,1,111.219518296026,160
DOM160,DOM,Gulf Harbour,Kawau Is,2,19.6753970735027,160
DOM160,DOM,Gulf Harbour,Great Barrier,2,67.8647552121129,160
DOM160,DOM,Gulf Harbour,Waiheke Island,1,28.8424383504585,160
DOM160,DOM,Gulf Harbour,Opua,2,156.298564452781,160
DOM161,DOM,AKLWESTHAV,Tutukaka,1,136.339193557832,161
DOM161,DOM,AKLWESTHAV,Great Barrier,2,87.9603970545836,161
DOM161,DOM,AKLWESTHAV,Whangarei,2,125.446098783501,161
DOM162,DOM,Gulf Harbour,Three Kings Is,1,365.182353420863,162
DOM163,DOM,AKLPINE,AKLWESTHAV,315,22.3073799447627,163
DOM163,DOM,AKLPINE,Great Barrier,30,77.8466200293886,163
DOM163,DOM,AKLPINE,Whangarei,2,138.471630668524,163
DOM164,DOM,AKLWESTHAV,Tutukaka,2,136.339193557832,164
DOM165,DOM,Gulf Harbour,Opua,4,156.298564452781,165
DOM166,DOM,Waikawa Bay,Picton,37,3.31620641697709,166
DOM168,DOM,Waikawa Bay,Wellington,4,62.5874717894883,168
DOM168,DOM,Waikawa Bay,Kapiti,4,87.9927026803928,168
DOM168,DOM,Waikawa Bay,Nelson,14,64.1939181309258,168
DOM169,DOM,Opua,Bay of Islands,347,4.84592870356137,169
DOM169,DOM,Opua,Tutukaka,8,51.7980694620948,169
DOM169,DOM,Opua,Great Barrier,10,166.112224866203,169
DOM170,DOM,Waikawa Bay,Nelson,2,64.1939181309258,170
DOM171,DOM,Dunedin,Stewart Island,11,222.687358419826,171
DOM172,DOM,Gulf Harbour,Urquharts Bay,2,87.4587974419955,172
DOM172,DOM,Gulf Harbour,Tutukaka,1,111.219518296026,172
DOM172,DOM,Gulf Harbour,Great Barrier,3,67.8647552121129,172
DOM172,DOM,Gulf Harbour,AKLBWM,1,25.0587559547556,172
DOM172,DOM,Gulf Harbour,Opua,2,156.298564452781,172
DOM172,DOM,Gulf Harbour,Kerikeri,1,171.277176675703,172
DOM173,DOM,Kerikeri,AKLWESTHAV,42,193.445609151513,173
DOM173,DOM,Kerikeri,Tutukaka,3,67.4652503145138,173
DOM173,DOM,Kerikeri,Opua,7,15.7289541928254,173
DOM176,DOM,Wellington,Nelson,2,126.755320992848,176
DOM176,DOM,Wellington,Picton,7,65.1801350105997,176
DOM177,DOM,Gulf Harbour,Great Barrier,30,67.8647552121129,177
DOM178,DOM,AKLBWM,Bay of Islands,7,182.555250883123,178
DOM178,DOM,AKLBWM,Great Barrier,10,85.4524619305962,178
DOM178,DOM,AKLBWM,Goat Is (Motuorohi),1,57.9465566276375,178
DOM178,DOM,AKLBWM,Tauranga,14,156.509921730221,178
DOM18,DOM,Gulf Harbour,Great Barrier,21,67.8647552121129,18
DOM18,DOM,Gulf Harbour,Little Barrier,1,52.6088633216875,18
DOM180,DOM,AKLWESTHAV,Great Barrier,4,87.9603970545836,180
DOM180,DOM,AKLWESTHAV,Gulf Harbour,5,27.2313872213665,180
DOM180,DOM,AKLWESTHAV,AKLBBM,1,14.3851659705406,180
DOM180,DOM,AKLWESTHAV,Little Barrier,1,79.2763549237728,180
DOM181,DOM,Wellington,Nelson,1,126.755320992848,181
DOM181,DOM,Wellington,Picton,6,65.1801350105997,181
DOM189,DOM,AKLTamaki,Bay of Islands,4,193.182932022992,189
DOM189,DOM,AKLTamaki,Tutukaka,1,144.067340157303,189
DOM189,DOM,AKLTamaki,Great Barrier,4,84.0485053406662,189
DOM191,DOM,Mahurangi Harbour,AKLHMB,1,46.0933878121363,191
DOM191,DOM,Mahurangi Harbour,Kawau Is,10,13.5346407414456,191
DOM191,DOM,Mahurangi Harbour,Waiheke Island,12,43.3025287945173,191
DOM191,DOM,Mahurangi Harbour,AKLPINE,1,50.2925292662837,191
DOM192,DOM,AKLBWM,Port Fitzroy,5,87.5014525593718,192
DOM192,DOM,AKLBWM,Poor Knight Is,6,150.420340379883,192
DOM192,DOM,AKLBWM,Kawau Is,4,44.733147664791,192
DOM192,DOM,AKLBWM,Great Barrier,8,85.4524619305962,192
DOM192,DOM,AKLBWM,Goat Is (Motuorohi),1,57.9465566276375,192
DOM192,DOM,AKLBWM,Little Barrier,2,76.9044878404375,192
DOM193,DOM,AKLTamaki,Great Barrier,5,84.0485053406662,193
DOM193,DOM,AKLTamaki,Gulf Harbour,7,32.882004957119,193
DOM193,DOM,AKLTamaki,Little Barrier,1,81.3840417403805,193
DOM194,DOM,AKLOKAHU,Great Barrier,14,84.349747183972,194
DOM197,DOM,AKLWESTHAV,Poor Knight Is,0.5,152.283664586849,197
DOM198,DOM,Waikawa Bay,Picton,365,3.31620641697709,198
DOM199,DOM,AKLHMB,Great Barrier,5,81.6589826657178,199
DOM199,DOM,AKLHMB,Little Barrier,1,79.7529024550204,199
DOM200,DOM,Opua,Poor Knight Is,1,59.0155267705034,200
DOM200,DOM,Opua,Tutukaka,4,51.7980694620948,200
DOM200,DOM,Opua,Great Barrier,8,166.112224866203,200
DOM201,DOM,AKLHMB,Great Barrier,30,81.6589826657178,201
DOM202,DOM,AKLHMB,Tutukaka,2,143.437582941152,202
DOM202,DOM,AKLHMB,Opua,30,188.146868695708,202
DOM203,DOM,Whitianga,Great Barrier,30,61.8135199612512,203
DOM205,DOM,Tauranga,Mayor Is,3,42.33760030989,205
DOM205,DOM,Tauranga,Mercury Islands,6,124.08349205273,205
DOM205,DOM,Tauranga,Motuihe Is,2,145.063821816468,205
DOM207,DOM,AKLWESTHAV,Great Barrier,14,87.9603970545836,207
DOM207,DOM,AKLWESTHAV,Opua,2,178.950919807639,207
DOM209,DOM,AKLWESTHAV,Tutukaka,1,136.339193557832,209
DOM209,DOM,AKLWESTHAV,Opua,1,178.950919807639,209
DOM209,DOM,AKLWESTHAV,Kerikeri,20,193.445609151513,209
DOM21,DOM,Gulf Harbour,Tutukaka,7,111.219518296026,21
DOM21,DOM,Gulf Harbour,Kerikeri,20,171.277176675703,21
DOM210,DOM,AKLPINE,Opua,2,192.199928459924,210
DOM211,DOM,AKLWESTHAV,Kawau Is,5,46.8842318909034,211
DOM211,DOM,AKLWESTHAV,Mahurangi Harbour,2,38.5919486421715,211
DOM211,DOM,AKLWESTHAV,Coromandel,6,66.2164248883916,211
DOM213,DOM,Gulf Harbour,Tutukaka,90,111.219518296026,213
DOM215,DOM,Coromandel,Great Barrier,7,49.5610192086482,215
DOM215,DOM,Coromandel,AKLBWM,30,64.3222949295188,215
DOM215,DOM,Coromandel,Whangarei,60,150.98744525622,215
DOM217,DOM,Coromandel,AKLPINE,30,46.3822608871107,217
DOM218,DOM,AKLPINE,Mercury Islands,4,77.1340087121109,218
DOM218,DOM,AKLPINE,Great Barrier,6,77.8466200293886,218
DOM218,DOM,AKLPINE,Waiheke Island,10,10.3364645793424,218
DOM220,DOM,Whangaroa,Great Barrier,4,210.78409913938,220
DOM220,DOM,Whangaroa,Kerikeri,2,29.293279092652,220
DOM223,DOM,Gulf Harbour,Great Barrier,4,67.8647552121129,223
DOM224,DOM,AKLHMB,Opua,14,188.146868695708,224
DOM225,DOM,AKLWESTPARK,Great Barrier,30,92.8987795937062,225
DOM226,DOM,Wellington,Nelson,1,126.755320992848,226
DOM226,DOM,Wellington,Picton,5,65.1801350105997,226
DOM228,DOM,Wellington,Picton,2,65.1801350105997,228
DOM23,DOM,AKLHMB,AKLWESTHAV,2,14.5848997254009,23
DOM23,DOM,AKLHMB,Gulf Harbour,7,32.226191987264,23
DOM230,DOM,Gulf Harbour,Bay of Islands,7,161.093755387973,230
DOM230,DOM,Gulf Harbour,Tutukaka,2,111.219518296026,230
DOM230,DOM,Gulf Harbour,Great Barrier,5,67.8647552121129,230
DOM231,DOM,AKLWESTHAV,AKLBWM,30,2.52604433848656,231
DOM231,DOM,AKLWESTHAV,Gulf Harbour,90,27.2313872213665,231
DOM232,DOM,Gulf Harbour,Great Barrier,3,67.8647552121129,232
DOM233,DOM,AKLBBM,Mercury Islands,21,83.1740975304211,233
DOM234,DOM,AKLBWM,Great Barrier,20,85.4524619305962,234
DOM234,DOM,AKLBWM,AKLPINE,7,21.2847010784742,234
DOM238,DOM,Kerikeri,Opua,5,15.7289541928254,238
DOM239,DOM,AKLDEV,AKLBWM,14,3.35596483890997,239
DOM24,DOM,Gulf Harbour,Great Barrier,7,67.8647552121129,24
DOM242,DOM,AKLWESTHAV,Great Barrier,5,87.9603970545836,242
DOM243,DOM,AKLBWM,Gulf Harbour,42,25.0587559547556,243
DOM244,DOM,Tauranga,Mercury Islands,7,124.08349205273,244
DOM245,DOM,Waikawa Bay,Picton,365,3.31620641697709,245
DOM246,DOM,AKLWESTHAV,Bay of Islands,90,183.789278318949,246
DOM248,DOM,AKLWESTHAV,Opua,4,178.950919807639,248
DOM248,DOM,AKLWESTHAV,Tauranga,42,156.730126331857,248
DOM249,DOM,Lyttelton,Stewart Island,2,512.3593942732,249
DOM249,DOM,Lyttelton,Opua,3,928.996313501835,249
DOM249,DOM,Lyttelton,Havelock,60,273.218237312226,249
DOM249,DOM,Lyttelton,Fiordland,14,401.412709938288,249
DOM249,DOM,Lyttelton,Picton,5,278.9369663562,249
DOM250,DOM,Napier,Gisborne,1,132.641259512265,250
DOM251,DOM,Tauranga,Tutukaka,1,270.105757806086,251
DOM251,DOM,Tauranga,Great Barrier,3,162.671591404277,251
DOM251,DOM,Tauranga,Opua,4,320.246655564114,251
DOM251,DOM,Tauranga,Whangamata,1,59.508500443214,251
DOM253,DOM,Waikawa Bay,Napier,14,312.991073674634,253
DOM253,DOM,Waikawa Bay,AKLWESTHAV,30,495.321479066878,253
DOM253,DOM,Waikawa Bay,Tutukaka,2,628.112177500962,253
DOM253,DOM,Waikawa Bay,Opua,2,661.24072433948,253
DOM253,DOM,Waikawa Bay,Tauranga,1,440.003993078472,253
DOM253,DOM,Waikawa Bay,AKLWESTPARK,7,497.355675975453,253
DOM253,DOM,Waikawa Bay,Picton,309,3.31620641697709,253
DOM255,DOM,Tauranga,AKLWESTHAV,6,156.730126331857,255
DOM255,DOM,Tauranga,Mercury Islands,14,124.08349205273,255
DOM256,DOM,Tauranga,Mayor Is,3,42.33760030989,256
DOM256,DOM,Tauranga,Mercury Islands,10,124.08349205273,256
DOM256,DOM,Tauranga,Slipper Is,4,70.8163258013292,256
DOM256,DOM,Tauranga,Great Barrier,1,162.671591404277,256
DOM256,DOM,Tauranga,Motuihe Is,4,145.063821816468,256
DOM256,DOM,Tauranga,Gulf Harbour,7,169.571019487411,256
DOM256,DOM,Tauranga,Whangamata,2,59.508500443214,256
DOM256,DOM,Tauranga,Coromandel,4,118.232400910241,256
DOM257,DOM,Nelson,Picton,14,61.5845841099865,257
DOM258,DOM,Nelson,Opua,7,664.736206400704,258
DOM258,DOM,Nelson,New Plymouth,5,253.285925783491,258
DOM258,DOM,Nelson,Picton,5,61.5845841099865,258
DOM259,DOM,AKLWESTHAV,AKLWESTPARK,14,9.29800516239908,259
DOM26,DOM,AKLWESTHAV,Great Barrier,4,87.9603970545836,26
DOM26,DOM,AKLWESTHAV,Gulf Harbour,1,27.2313872213665,26
DOM260,DOM,Gulf Harbour,AKLWESTHAV,305,27.2313872213665,260
DOM260,DOM,Gulf Harbour,Great Barrier,60,67.8647552121129,260
DOM261,DOM,Gulf Harbour,Bay of Islands,42,161.093755387973,261
DOM261,DOM,Gulf Harbour,Tutukaka,3,111.219518296026,261
DOM261,DOM,Gulf Harbour,Kawau Is,72,19.6753970735027,261
DOM261,DOM,Gulf Harbour,Great Barrier,7,67.8647552121129,261
DOM261,DOM,Gulf Harbour,Waiheke Island,50,28.8424383504585,261
DOM261,DOM,Gulf Harbour,Opua,2,156.298564452781,261
DOM263,DOM,AKLOKAHU,Great Barrier,7,84.349747183972,263
DOM264,DOM,AKLHMB,Tutukaka,2,143.437582941152,264
DOM265,DOM,AKLWESTHAV,Tutukaka,2,136.339193557832,265
DOM265,DOM,AKLWESTHAV,Great Barrier,10,87.9603970545836,265
DOM265,DOM,AKLWESTHAV,Opua,4,178.950919807639,265
DOM269,DOM,AKLWESTHAV,Tutukaka,2,136.339193557832,269
DOM269,DOM,AKLWESTHAV,Great Barrier,14,87.9603970545836,269
DOM269,DOM,AKLWESTHAV,Kerikeri,8,193.445609151513,269
DOM27,DOM,AKLWESTHAV,Tutukaka,2,136.339193557832,27
DOM27,DOM,AKLWESTHAV,Gulf Harbour,7,27.2313872213665,27
DOM270,DOM,Waikawa Bay,Havelock,30,22.0680906514361,270
DOM272,DOM,Nelson,Picton,8,61.5845841099865,272
DOM273,DOM,Nelson,Picton,7,61.5845841099865,273
DOM274,DOM,Nelson,Durville Is,14,67.9737964218566,274
DOM274,DOM,Nelson,Wellington,14,126.755320992848,274
DOM275,DOM,Wellington,Kapiti,100,49.637987469276,275
DOM275,DOM,Wellington,Gulf Harbour,40,520.687685517912,275
DOM275,DOM,Wellington,Opua,20,666.3423100029,275
DOM275,DOM,Wellington,Picton,20,65.1801350105997,275
DOM277,DOM,AKLPINE,Bay of Islands,8,196.990299316997,277
DOM277,DOM,AKLPINE,Kawau Is,6,53.2781381056058,277
DOM277,DOM,AKLPINE,Great Barrier,12,77.8466200293886,277
DOM277,DOM,AKLPINE,Mahurangi Harbour,3,50.2925292662837,277
DOM277,DOM,AKLPINE,Waiheke Island,15,10.3364645793424,277
DOM277,DOM,AKLPINE,Coromandel,10,46.3822608871107,277
DOM278,DOM,AKLTamaki,Great Barrier,3,84.0485053406662,278
DOM278,DOM,AKLTamaki,Opua,2,188.362816128874,278
DOM28,DOM,Nelson,Akaroa,85,283.146487749716,28
DOM28,DOM,Nelson,Picton,10,61.5845841099865,28
DOM280,DOM,Akaroa,Picton,180,292.268935443027,280
DOM281,DOM,AKLHOBS,AKLWESTHAV,21,5.17888984242762,281
DOM281,DOM,AKLHOBS,Tutukaka,4,139.219010914458,281
DOM281,DOM,AKLHOBS,Kawau Is,4,48.3990754043918,281
DOM281,DOM,AKLHOBS,Gulf Harbour,14,28.7991362717704,281
DOM281,DOM,AKLHOBS,Whangamumu,2,183.967475658063,281
DOM281,DOM,AKLHOBS,Opua,10,182.567524494363,281
DOM281,DOM,AKLHOBS,Kerikeri,2,197.178094625138,281
DOM282,DOM,AKLWESTHAV,Gisborne,7,353.346273788192,282
DOM282,DOM,AKLWESTHAV,Great Barrier,56,87.9603970545836,282
DOM282,DOM,AKLWESTHAV,Whangamata,4,107.152494721308,282
DOM283,DOM,Lyttelton,Picton,60,278.9369663562,283
DOM284,DOM,AKLWESTHAV,Great Barrier,10,87.9603970545836,284
DOM284,DOM,AKLWESTHAV,Tauranga,2,156.730126331857,284
DOM285,DOM,Gulf Harbour,Great Barrier,5,67.8647552121129,285
DOM286,DOM,AKLWESTHAV,Tutukaka,3,136.339193557832,286
DOM286,DOM,AKLWESTHAV,Opua,2,178.950919807639,286
DOM287,DOM,AKLPINE,Kawau Is,3,53.2781381056058,287
DOM287,DOM,AKLPINE,Great Barrier,4,77.8466200293886,287
DOM287,DOM,AKLPINE,Whangarei,2,138.471630668524,287
DOM288,DOM,AKLWESTHAV,Kawau Is,7,46.8842318909034,288
DOM288,DOM,AKLWESTHAV,Gulf Harbour,2,27.2313872213665,288
DOM288,DOM,AKLWESTHAV,Waiheke Island,7,24.5345001986998,288
DOM288,DOM,AKLWESTHAV,Coromandel,7,66.2164248883916,288
DOM290,DOM,Picton,Wellington,2,65.1801350105997,290
DOM291,DOM,AKLWESTHAV,Great Barrier,14,87.9603970545836,291
DOM294,DOM,Wellington,Picton,30,65.1801350105997,294
DOM295,DOM,Wellington,AKLWESTHAV,21,494.104081747965,295
DOM295,DOM,Wellington,Tauranga,2,419.72348385574,295
DOM295,DOM,Wellington,Lyttelton,1,308.516347054739,295
DOM297,DOM,Wellington,Picton,11,65.1801350105997,297
DOM3,DOM,Gulf Harbour,Tutukaka,4,111.219518296026,3
DOM3,DOM,Gulf Harbour,Kawau Is,21,19.6753970735027,3
DOM3,DOM,Gulf Harbour,Great Barrier,10,67.8647552121129,3
DOM3,DOM,Gulf Harbour,Opua,5,156.298564452781,3
DOM3,DOM,Gulf Harbour,Kerikeri,3,171.277176675703,3
DOM30,DOM,AKLPINE,Waiheke Island,6,10.3364645793424,30
DOM302,DOM,Wellington,Picton,42,65.1801350105997,302
DOM306,DOM,Great Barrier,AKLWESTHAV,14,87.9603970545836,306
DOM306,DOM,Great Barrier,AKLHMB,14,81.6589826657178,306
DOM306,DOM,Great Barrier,Little Barrier,1,39.3497458695733,306
DOM307,DOM,AKLWESTHAV,Kawau Is,6,46.8842318909034,307
DOM307,DOM,AKLWESTHAV,Waiheke Island,20,24.5345001986998,307
DOM308,DOM,AKLTamaki,AKLBBM,365,3.53624094201738,308
DOM309,DOM,AKLHMB,Tutukaka,8,143.437582941152,309
DOM309,DOM,AKLHMB,Great Barrier,4,81.6589826657178,309
DOM309,DOM,AKLHMB,Opua,3,188.146868695708,309
DOM31,DOM,AKLWESTHAV,Tutukaka,1,136.339193557832,31
DOM31,DOM,AKLWESTHAV,Kerikeri,90,193.445609151513,31
DOM310,DOM,AKLPINE,Great Barrier,14,77.8466200293886,310
DOM311,DOM,Gulf Harbour,Kawau Is,2,19.6753970735027,311
DOM311,DOM,Gulf Harbour,Great Barrier,4,67.8647552121129,311
DOM311,DOM,Gulf Harbour,Opua,40,156.298564452781,311
DOM312,DOM,AKLHMB,Tutukaka,2,143.437582941152,312
DOM312,DOM,AKLHMB,Great Barrier,10,81.6589826657178,312
DOM312,DOM,AKLHMB,Opua,2,188.146868695708,312
DOM312,DOM,AKLHMB,Kerikeri,1,202.974659009444,312
DOM313,DOM,AKLWESTHAV,Tutukaka,4,136.339193557832,313
DOM313,DOM,AKLWESTHAV,Whangarei,1,125.446098783501,313
DOM313,DOM,AKLWESTHAV,Gulf Harbour,2,27.2313872213665,313
DOM313,DOM,AKLWESTHAV,Opua,4,178.950919807639,313
DOM315,DOM,AKLWESTHAV,Kerikeri,3,193.445609151513,315
DOM315,DOM,AKLWESTHAV,Tauranga,14,156.730126331857,315
DOM316,DOM,AKLPINE,Great Barrier,4,77.8466200293886,316
DOM316,DOM,AKLPINE,Whangarei,1,138.471630668524,316
DOM316,DOM,AKLPINE,Opua,2,192.199928459924,316
DOM316,DOM,AKLPINE,Tauranga,2,136.207939930094,316
DOM317,DOM,AKLWESTHAV,Great Barrier,7,87.9603970545836,317
DOM318,DOM,AKLWESTHAV,Opua,4,178.950919807639,318
DOM318,DOM,AKLWESTHAV,AKLWESTPARK,250,9.29800516239908,318
DOM319,DOM,AKLWESTHAV,Bay of Islands,3,183.789278318949,319
DOM319,DOM,AKLWESTHAV,Tutukaka,3,136.339193557832,319
DOM319,DOM,AKLWESTHAV,Kawau Is,14,46.8842318909034,319
DOM319,DOM,AKLWESTHAV,Waiheke Island,14,24.5345001986998,319
DOM319,DOM,AKLWESTHAV,Whangamumu,7,180.739392496489,319
DOM319,DOM,AKLWESTHAV,Opua,2,178.950919807639,319
DOM319,DOM,AKLWESTHAV,Coromandel,14,66.2164248883916,319
DOM32,DOM,AKLHMB,Great Barrier,10,81.6589826657178,32
DOM320,DOM,Tauranga,Great Barrier,14,162.671591404277,320
DOM321,DOM,Tauranga,Opua,1,320.246655564114,321
DOM322,DOM,Tauranga,Mayor Is,5,42.33760030989,322
DOM322,DOM,Tauranga,Mercury Islands,2,124.08349205273,322
DOM322,DOM,Tauranga,Motuihe Is,1,145.063821816468,322
DOM322,DOM,Tauranga,Whangamata,1,59.508500443214,322
DOM323,DOM,AKLWESTHAV,Tutukaka,2,136.339193557832,323
DOM324,DOM,AKLWESTHAV,Kawau Is,3,46.8842318909034,324
DOM324,DOM,AKLWESTHAV,Great Barrier,3,87.9603970545836,324
DOM325,DOM,AKLBWM,AKLWESTHAV,14,2.52604433848656,325
DOM325,DOM,AKLBWM,AKLHMB,30,13.7866964861057,325
DOM325,DOM,AKLBWM,Great Barrier,14,85.4524619305962,325
DOM325,DOM,AKLBWM,Little Barrier,0.5,76.9044878404375,325
DOM329,DOM,Kerikeri,AKLHOBS,3,197.178094625138,329
DOM330,DOM,Kerikeri,Poor Knight Is,1,73.003180752622,330
DOM330,DOM,Kerikeri,Great Barrier,6,181.776789634981,330
DOM330,DOM,Kerikeri,AKLVIA,7,194.422826849113,330
DOM330,DOM,Kerikeri,Opua,4,15.7289541928254,330
DOM331,DOM,Opua,Whangamumu,3,18.2340039486669,331
DOM335,DOM,AKLPINE,Bay of Islands,7,196.990299316997,335
DOM335,DOM,AKLPINE,AKLWESTHAV,349,22.3073799447627,335
DOM335,DOM,AKLPINE,Tutukaka,2,146.433099058922,335
DOM335,DOM,AKLPINE,Kawau Is,3,53.2781381056058,335
DOM335,DOM,AKLPINE,Waiheke Island,3,10.3364645793424,335
DOM336,DOM,AKLWESTHAV,AKLWESTPARK,365,9.29800516239908,336
DOM337,DOM,AKLWESTHAV,Bay of Islands,30,183.789278318949,337
DOM337,DOM,AKLWESTHAV,Great Barrier,10,87.9603970545836,337
DOM337,DOM,AKLWESTHAV,Waiheke Island,10,24.5345001986998,337
DOM338,DOM,AKLWESTHAV,Great Barrier,14,87.9603970545836,338
DOM338,DOM,AKLWESTHAV,Gulf Harbour,1,27.2313872213665,338
DOM338,DOM,AKLWESTHAV,Opua,21,178.950919807639,338
DOM34,DOM,Picton,Wellington,35,65.1801350105997,34
DOM34,DOM,Picton,Nelson,21,61.5845841099865,34
DOM340,DOM,AKLWESTHAV,Bay of Islands,15,183.789278318949,340
DOM340,DOM,AKLWESTHAV,Tutukaka,1,136.339193557832,340
DOM340,DOM,AKLWESTHAV,Opua,1,178.950919807639,340
DOM341,DOM,Kawau Is,Bay of Islands,14,144.893126217223,341
DOM342,DOM,AKLWESTHAV,Bay of Islands,1,183.789278318949,342
DOM342,DOM,AKLWESTHAV,AKLHMB,2,14.5848997254009,342
DOM342,DOM,AKLWESTHAV,Kawau Is,1,46.8842318909034,342
DOM342,DOM,AKLWESTHAV,Great Barrier,14,87.9603970545836,342
DOM342,DOM,AKLWESTHAV,Gulf Harbour,2,27.2313872213665,342
DOM342,DOM,AKLWESTHAV,Whangamumu,4,180.739392496489,342
DOM342,DOM,AKLWESTHAV,AKLPINE,2,22.3073799447627,342
DOM342,DOM,AKLWESTHAV,Coromandel,2,66.2164248883916,342
DOM344,DOM,AKLWESTHAV,Mercury Islands,7,95.414435490653,344
DOM344,DOM,AKLWESTHAV,Great Barrier,15,87.9603970545836,344
DOM345,DOM,Tutukaka,Poor Knight Is,2,24.7496343407332,345
DOM346,DOM,Whangarei,Poor Knight Is,1,47.7472554185055,346
DOM346,DOM,Whangarei,Tutukaka,4,23.0217288664427,346
DOM347,DOM,Mangonui Harbour,Bay of Islands,6,59.2256787635228,347
DOM347,DOM,Mangonui Harbour,Opua,1,62.8028661766324,347
DOM347,DOM,Mangonui Harbour,Kerikeri,2,47.6806040230197,347
DOM347,DOM,Mangonui Harbour,AKLBBM,2,241.647198411238,347
DOM348,DOM,AKLWESTHAV,Great Barrier,7,87.9603970545836,348
DOM349,DOM,Kerikeri,AKLWESTHAV,21,193.445609151513,349
DOM349,DOM,Kerikeri,Opua,7,15.7289541928254,349
DOM35,DOM,Wellington,Nelson,3,126.755320992848,35
DOM35,DOM,Wellington,Picton,42,65.1801350105997,35
DOM350,DOM,AKLWESTHAV,Tutukaka,1,136.339193557832,350
DOM350,DOM,AKLWESTHAV,Opua,1,178.950919807639,350
DOM353,DOM,Waikawa Bay,Picton,31,3.31620641697709,353
DOM354,DOM,Lyttelton,Nelson,3,264.53510504279,354
DOM354,DOM,Lyttelton,Picton,2,278.9369663562,354
DOM355,DOM,Gulf Harbour,Great Barrier,14,67.8647552121129,355
DOM358,DOM,AKLWESTHAV,Great Barrier,10,87.9603970545836,358
DOM358,DOM,AKLWESTHAV,Little Barrier,0.5,79.2763549237728,358
DOM359,DOM,AKLBBM,Bay of Islands,2,191.790306650258,359
DOM359,DOM,AKLBBM,Tutukaka,15,142.178903146705,359
DOM359,DOM,AKLBBM,AKLPINE,4,7.93756889733878,359
DOM360,DOM,Kerikeri,AKLWESTHAV,3,193.445609151513,360
DOM361,DOM,AKLWESTHAV,Tutukaka,4,136.339193557832,361
DOM361,DOM,AKLWESTHAV,Opua,1,178.950919807639,361
DOM363,DOM,AKLTamaki,AKLHMB,7,2.6032479712851,363
DOM364,DOM,Waikawa Bay,Wellington,6,62.5874717894883,364
DOM364,DOM,Waikawa Bay,Nelson,1,64.1939181309258,364
DOM365,DOM,Waikawa Bay,Wellington,1,62.5874717894883,365
DOM366,DOM,Gulf Harbour,Opua,14,156.298564452781,366
DOM367,DOM,Lyttelton,Cuvier Is,9,838.037376254783,367
DOM368,DOM,Waikawa Bay,Picton,365,3.31620641697709,368
DOM370,DOM,AKLWESTPARK,AKLBWM,14,10.5368401335505,370
DOM370,DOM,AKLWESTPARK,Opua,2,173.419205972118,370
DOM373,DOM,AKLWESTHAV,Tutukaka,2,136.339193557832,373
DOM373,DOM,AKLWESTHAV,Opua,2,178.950919807639,373
DOM373,DOM,AKLWESTHAV,Tauranga,1,156.730126331857,373
DOM375,DOM,Kerikeri,Whangamumu,4,28.0387392726563,375
DOM376,DOM,AKLWESTHAV,Opua,14,178.950919807639,376
DOM376,DOM,AKLWESTHAV,Nelson,60,507.230757151023,376
DOM377,DOM,AKLWESTHAV,Kawau Is,5,46.8842318909034,377
DOM377,DOM,AKLWESTHAV,Gulf Harbour,1,27.2313872213665,377
DOM377,DOM,AKLWESTHAV,Coromandel,7,66.2164248883916,377
DOM378,DOM,Wellington,Nelson,2,126.755320992848,378
DOM378,DOM,Wellington,Picton,30,65.1801350105997,378
DOM380,DOM,Wellington,Nelson,1,126.755320992848,380
DOM381,DOM,Waikawa Bay,Picton,1,3.31620641697709,381
DOM382,DOM,Wellington,Nelson,120,126.755320992848,382
DOM382,DOM,Wellington,Picton,14,65.1801350105997,382
DOM383,DOM,Mahurangi Harbour,AKLWESTHAV,60,38.5919486421715,383
DOM384,DOM,Nelson,AKLWESTHAV,14,507.230757151023,384
DOM384,DOM,Nelson,AKLHMB,2,506.299871716357,384
DOM385,DOM,Wellington,Picton,16,65.1801350105997,385
DOM388,DOM,Mangonui Harbour,Bay of Islands,5,59.2256787635228,388
DOM388,DOM,Mangonui Harbour,Kerikeri,2,47.6806040230197,388
DOM390,DOM,AKLWESTPARK,Bay of Islands,7,178.264657531997,390
DOM390,DOM,AKLWESTPARK,Rakino Is,6,28.8431412991026,390
DOM390,DOM,AKLWESTPARK,Urquharts Bay,18,107.790426754884,390
DOM390,DOM,AKLWESTPARK,Tutukaka,8,132.393070060332,390
DOM390,DOM,AKLWESTPARK,Kawau Is,50,46.508219703618,390
DOM390,DOM,AKLWESTPARK,Whangarei,2,120.245270177251,390
DOM390,DOM,AKLWESTPARK,Motuihe Is,9,26.4708330054043,390
DOM390,DOM,AKLWESTPARK,Waiheke Island,8,32.9752786189897,390
DOM390,DOM,AKLWESTPARK,Whangamumu,1,175.998782098059,390
DOM390,DOM,AKLWESTPARK,Opua,3,173.419205972118,390
DOM390,DOM,AKLWESTPARK,Kerikeri,3,187.656305516228,390
DOM390,DOM,AKLWESTPARK,Coromandel,4,74.6515580882275,390
DOM391,DOM,AKLWESTHAV,Tutukaka,2,136.339193557832,391
DOM391,DOM,AKLWESTHAV,Opua,2,178.950919807639,391
DOM392,DOM,Waikawa Bay,AKLWESTHAV,90,495.321479066878,392
DOM392,DOM,Waikawa Bay,Opua,5,661.24072433948,392
DOM392,DOM,Waikawa Bay,Kerikeri,1,672.88589487743,392
DOM392,DOM,Waikawa Bay,Picton,30,3.31620641697709,392
DOM394,DOM,AKLWESTHAV,Bay of Islands,21,183.789278318949,394
DOM394,DOM,AKLWESTHAV,Tutukaka,1,136.339193557832,394
DOM395,DOM,Gulf Harbour,Great Barrier,14,67.8647552121129,395
DOM396,DOM,AKLPINE,Great Barrier,7,77.8466200293886,396
DOM396,DOM,AKLPINE,Gulf Harbour,358,35.9185363009129,396
DOM398,DOM,Lyttelton,Cuvier Is,60,838.037376254783,398
DOM398,DOM,Lyttelton,Wellington,10,308.516347054739,398
DOM40,DOM,Gulf Harbour,Tutukaka,1,111.219518296026,40
DOM40,DOM,Gulf Harbour,Great Barrier,6,67.8647552121129,40
DOM40,DOM,Gulf Harbour,AKLBWM,2,25.0587559547556,40
DOM40,DOM,Gulf Harbour,Opua,1,156.298564452781,40
DOM40,DOM,Gulf Harbour,Kerikeri,6,171.277176675703,40
DOM400,DOM,AKLBBM,Tutukaka,2,142.178903146705,400
DOM400,DOM,AKLBBM,Opua,4,186.979444057362,400
DOM401,DOM,AKLPINE,Bay of Islands,20,196.990299316997,401
DOM401,DOM,AKLPINE,Tutukaka,1,146.433099058922,401
DOM401,DOM,AKLPINE,Kawau Is,5,53.2781381056058,401
DOM402,DOM,Dunedin,Stewart Island,1,222.687358419826,402
DOM403,DOM,AKLWESTHAV,Gulf Harbour,14,27.2313872213665,403
DOM404,DOM,AKLWESTHAV,Great Barrier,7,87.9603970545836,404
DOM406,DOM,AKLHMB,Great Barrier,10,81.6589826657178,406
DOM407,DOM,AKLDEV,AKLBWM,14,3.35596483890997,407
DOM408,DOM,AKLWESTHAV,Great Barrier,7,87.9603970545836,408
DOM409,DOM,AKLBBM,Bay of Islands,2,191.790306650258,409
DOM409,DOM,AKLBBM,Great Barrier,12,80.5244264183235,409
DOM41,DOM,AKLHMB,Waiheke Island,18,13.6500622709202,41
DOM41,DOM,AKLHMB,Coromandel,4,53.5056046129749,41
DOM411,DOM,AKLPINE,Coromandel,2,46.3822608871107,411
DOM413,DOM,AKLPINE,Tutukaka,2,146.433099058922,413
DOM413,DOM,AKLPINE,Great Barrier,7,77.8466200293886,413
DOM413,DOM,AKLPINE,Whangarei,3,138.471630668524,413
DOM413,DOM,AKLPINE,Waiheke Island,4,10.3364645793424,413
DOM413,DOM,AKLPINE,Opua,1,192.199928459924,413
DOM415,DOM,AKLBWM,Poor Knight Is,1,150.420340379883,415
DOM415,DOM,AKLBWM,Tutukaka,2,134.718447140694,415
DOM415,DOM,AKLBWM,Opua,10,177.720555929808,415
DOM416,DOM,AKLWESTHAV,Great Barrier,7,87.9603970545836,416
DOM416,DOM,AKLWESTHAV,AKLWESTPARK,7,9.29800516239908,416
DOM417,DOM,AKLHMB,AKLWESTHAV,1,14.5848997254009,417
DOM417,DOM,AKLHMB,Great Barrier,9,81.6589826657178,417
DOM417,DOM,AKLHMB,Gulf Harbour,1,32.226191987264,417
DOM417,DOM,AKLHMB,AKLVIA,1,13.2505471585139,417
DOM418,DOM,Gulf Harbour,Great Barrier,6,67.8647552121129,418
DOM42,DOM,AKLWESTPARK,Tutukaka,3,132.393070060332,42
DOM42,DOM,AKLWESTPARK,Opua,21,173.419205972118,42
DOM424,DOM,Nelson,Picton,37,61.5845841099865,424
DOM425,DOM,AKLBWM,Mercury Islands,7,93.2864888394884,425
DOM425,DOM,AKLBWM,Great Barrier,7,85.4524619305962,425
DOM425,DOM,AKLBWM,Gulf Harbour,5,25.0587559547556,425
DOM427,DOM,Tauranga,AKLWESTHAV,10,156.730126331857,427
DOM427,DOM,Tauranga,Opua,2,320.246655564114,427
DOM428,DOM,AKLPINE,Great Barrier,7,77.8466200293886,428
DOM43,DOM,AKLPINE,Great Barrier,6,77.8466200293886,43
DOM431,DOM,AKLHMB,Waiheke Island,19,13.6500622709202,431
DOM431,DOM,AKLHMB,Coromandel,2,53.5056046129749,431
DOM433,DOM,Gulf Harbour,Tutukaka,2,111.219518296026,433
DOM433,DOM,Gulf Harbour,Mercury Islands,4,85.8170440530318,433
DOM433,DOM,Gulf Harbour,Kawau Is,7,19.6753970735027,433
DOM433,DOM,Gulf Harbour,Great Barrier,4,67.8647552121129,433
DOM433,DOM,Gulf Harbour,Mahurangi Harbour,4,14.4930759330102,433
DOM433,DOM,Gulf Harbour,Waiheke Island,7,28.8424383504585,433
DOM433,DOM,Gulf Harbour,Little Barrier,1,52.6088633216875,433
DOM433,DOM,Gulf Harbour,Coromandel,8,62.3842217631991,433
DOM436,DOM,Mahurangi Harbour,AKLWESTHAV,5,38.5919486421715,436
DOM436,DOM,Mahurangi Harbour,Kawau Is,30,13.5346407414456,436
DOM436,DOM,Mahurangi Harbour,Great Barrier,10,71.0469510253607,436
DOM436,DOM,Mahurangi Harbour,Gulf Harbour,7,14.4930759330102,436
DOM436,DOM,Mahurangi Harbour,AKLVIA,2,39.2678214318034,436
DOM436,DOM,Mahurangi Harbour,Waiheke Island,10,43.3025287945173,436
DOM436,DOM,Mahurangi Harbour,Whangamata,1,128.419348717395,436
DOM436,DOM,Mahurangi Harbour,Tauranga,2,183.833231489848,436
DOM436,DOM,Mahurangi Harbour,Little Barrier,2,47.4191443406563,436
DOM437,DOM,AKLWESTPARK,Bay of Islands,2,178.264657531997,437
DOM437,DOM,AKLWESTPARK,Great Barrier,21,92.8987795937062,437
DOM438,DOM,AKLTamaki,Bay of Islands,3,193.182932022992,438
DOM438,DOM,AKLTamaki,Tutukaka,1,144.067340157303,438
DOM438,DOM,AKLTamaki,Kawau Is,7,51.9028515594278,438
DOM438,DOM,AKLTamaki,Coromandel,6,56.0527316461919,438
DOM439,DOM,AKLPINE,AKLHMB,7,7.80907805057678,439
DOM44,DOM,Tauranga,AKLWESTHAV,14,156.730126331857,44
DOM44,DOM,Tauranga,Great Barrier,14,162.671591404277,44
DOM440,DOM,AKLBBM,Whangarei,1,133.245144376821,440
DOM441,DOM,AKLTamaki,Great Barrier,9,84.0485053406662,441
DOM441,DOM,AKLTamaki,Coromandel,8,56.0527316461919,441
DOM443,DOM,AKLPINE,Great Barrier,7,77.8466200293886,443
DOM445,DOM,AKLPINE,Great Barrier,10,77.8466200293886,445
DOM445,DOM,AKLPINE,Opua,8,192.199928459924,445
DOM445,DOM,AKLPINE,Kerikeri,1,207.195348644703,445
DOM447,DOM,Picton,AKLVIA,210,497.212138327294,447
DOM448,DOM,Waikawa Bay,Picton,365,3.31620641697709,448
DOM45,DOM,AKLWESTHAV,Rakino Is,2,22.532476561621,45
DOM45,DOM,AKLWESTHAV,Great Barrier,4,87.9603970545836,45
DOM450,DOM,Waikawa Bay,Nelson,1,64.1939181309258,450
DOM450,DOM,Waikawa Bay,Picton,48,3.31620641697709,450
DOM452,DOM,AKLWESTHAV,Great Barrier,3,87.9603970545836,452
DOM452,DOM,AKLWESTHAV,Gulf Harbour,1,27.2313872213665,452
DOM453,DOM,AKLBBM,AKLHMB,360,1.34495353079577,453
DOM453,DOM,AKLBBM,Tutukaka,1,142.178903146705,453
DOM453,DOM,AKLBBM,Opua,4,186.979444057362,453
DOM456,DOM,AKLOKAHU,Rangitoto Is,1,10.3769215088098,456
DOM456,DOM,AKLOKAHU,Rakino Is,1,18.9349544493775,456
DOM456,DOM,AKLOKAHU,Motuihe Is,1,12.4158004172103,456
DOM456,DOM,AKLOKAHU,Waiheke Island,1,18.8417647793406,456
DOM46,DOM,Gulf Harbour,Kawau Is,4,19.6753970735027,46
DOM460,DOM,AKLWESTHAV,Tutukaka,14,136.339193557832,460
DOM461,DOM,AKLWESTPARK,Great Barrier,14,92.8987795937062,461
DOM463,DOM,Kerikeri,Tutukaka,3,67.4652503145138,463
DOM463,DOM,Kerikeri,Opua,3,15.7289541928254,463
DOM464,DOM,Kawau Is,Port Fitzroy,7,51.8872479516885,464
DOM464,DOM,Kawau Is,Great Barrier,7,58.2868445706233,464
DOM465,DOM,Wellington,Picton,15,65.1801350105997,465
DOM466,DOM,Wellington,Picton,3,65.1801350105997,466
DOM468,DOM,Opua,Three Kings Is,12,223.658495255602,468
DOM468,DOM,Opua,AKLWESTHAV,60,178.950919807639,468
DOM468,DOM,Opua,Poor Knight Is,2,59.0155267705034,468
DOM468,DOM,Opua,Great Barrier,5,166.112224866203,468
DOM468,DOM,Opua,Whangarei,2,53.7408596879507,468
DOM468,DOM,Opua,Tauranga,4,320.246655564114,468
DOM469,DOM,Tauranga,Bay of Islands,12,324.817728002952,469
DOM469,DOM,Tauranga,Tutukaka,1,270.105757806086,469
DOM469,DOM,Tauranga,Mercury Islands,0.5,124.08349205273,469
DOM469,DOM,Tauranga,Great Barrier,2,162.671591404277,469
DOM469,DOM,Tauranga,Kerikeri,3,335.846608439031,469
DOM47,DOM,Kerikeri,AKLWESTHAV,42,193.445609151513,47
DOM47,DOM,Kerikeri,Poor Knight Is,1,73.003180752622,47
DOM47,DOM,Kerikeri,Tutukaka,3,67.4652503145138,47
DOM470,DOM,Tauranga,AKLWESTHAV,10,156.730126331857,470
DOM470,DOM,Tauranga,Great Barrier,10,162.671591404277,470
DOM473,DOM,AKLPINE,Port Fitzroy,7,84.3409657284051,473
DOM473,DOM,AKLPINE,Great Barrier,7,77.8466200293886,473
DOM473,DOM,AKLPINE,Waiheke Island,4,10.3364645793424,473
DOM474,DOM,AKLHMB,Bay of Islands,6,192.959742239152,474
DOM474,DOM,AKLHMB,Tutukaka,2,143.437582941152,474
DOM474,DOM,AKLHMB,Kawau Is,4,50.9088371503416,474
DOM474,DOM,AKLHMB,Great Barrier,1,81.6589826657178,474
DOM474,DOM,AKLHMB,Kerikeri,1,202.974659009444,474
DOM475,DOM,AKLBWM,Port Fitzroy,7,87.5014525593718,475
DOM475,DOM,AKLBWM,Poor Knight Is,1,150.420340379883,475
DOM475,DOM,AKLBWM,Tutukaka,2,134.718447140694,475
DOM475,DOM,AKLBWM,Kawau Is,10,44.733147664791,475
DOM475,DOM,AKLBWM,Great Barrier,10,85.4524619305962,475
DOM475,DOM,AKLBWM,Whangamumu,2,179.292072607798,475
DOM475,DOM,AKLBWM,Opua,42,177.720555929808,475
DOM476,DOM,AKLHMB,Kawau Is,14,50.9088371503416,476
DOM476,DOM,AKLHMB,Great Barrier,14,81.6589826657178,476
DOM476,DOM,AKLHMB,Coromandel,14,53.5056046129749,476
DOM479,DOM,AKLPINE,Tutukaka,2,146.433099058922,479
DOM479,DOM,AKLPINE,Opua,90,192.199928459924,479
DOM48,DOM,AKLWESTHAV,Wellington,5,494.104081747965,48
DOM48,DOM,AKLWESTHAV,Great Barrier,8,87.9603970545836,48
DOM48,DOM,AKLWESTHAV,AKLVIA,3,1.34614263731597,48
DOM48,DOM,AKLWESTHAV,Opua,5,178.950919807639,48
DOM48,DOM,AKLWESTHAV,AKLBBM,1,14.3851659705406,48
DOM480,DOM,AKLWESTHAV,Gulf Harbour,2,27.2313872213665,480
DOM481,DOM,Wellington,Kapiti,60,49.637987469276,481
DOM481,DOM,Wellington,Picton,21,65.1801350105997,481
DOM482,DOM,Wellington,Picton,60,65.1801350105997,482
DOM483,DOM,AKLWESTPARK,Great Barrier,21,92.8987795937062,483
DOM483,DOM,AKLWESTPARK,AKLBWM,344,10.5368401335505,483
DOM484,DOM,Gulf Harbour,AKLWESTHAV,14,27.2313872213665,484
DOM484,DOM,Gulf Harbour,Great Barrier,30,67.8647552121129,484
DOM485,DOM,AKLWESTHAV,Great Barrier,5,87.9603970545836,485
DOM486,DOM,AKLWESTHAV,AKLBWM,7,2.52604433848656,486
DOM487,DOM,Tauranga,AKLWESTHAV,3,156.730126331857,487
DOM487,DOM,Tauranga,Opua,1,320.246655564114,487
DOM488,DOM,AKLHMB,AKLWESTHAV,5,14.5848997254009,488
DOM488,DOM,AKLHMB,Great Barrier,3,81.6589826657178,488
DOM488,DOM,AKLHMB,AKLPINE,2,7.80907805057678,488
DOM489,DOM,Wellington,Picton,21,65.1801350105997,489
DOM49,DOM,AKLBWM,AKLWESTHAV,4,2.52604433848656,49
DOM49,DOM,AKLBWM,Great Barrier,6,85.4524619305962,49
DOM491,DOM,AKLWESTHAV,Great Barrier,7,87.9603970545836,491
DOM492,DOM,Waiheke Island,Rangitoto Is,1,10.7563934476199,492
DOM493,DOM,Opua,Urquharts Bay,90,70.3195314261977,493
DOM493,DOM,Opua,Tutukaka,2,51.7980694620948,493
DOM493,DOM,Opua,Great Barrier,6,166.112224866203,493
DOM494,DOM,AKLWESTHAV,Bay of Islands,2,183.789278318949,494
DOM495,DOM,Wellington,Picton,10,65.1801350105997,495
DOM497,DOM,Wellington,AKLVIA,7,493.511643732952,497
DOM498,DOM,AKLPINE,Three Kings Is,1,399.619143685585,498
DOM498,DOM,AKLPINE,Poor Knight Is,1,159.613360656306,498
DOM498,DOM,AKLPINE,Tutukaka,8,146.433099058922,498
DOM498,DOM,AKLPINE,Great Barrier,10,77.8466200293886,498
DOM498,DOM,AKLPINE,Opua,2,192.199928459924,498
DOM499,DOM,AKLHMB,Great Barrier,14,81.6589826657178,499
DOM5,DOM,Thames,Coromandel,140,43.1656958706795,5
DOM50,DOM,Opua,Bay of Islands,351,4.84592870356137,50
DOM50,DOM,Opua,Kawau Is,10,140.163377884524,50
DOM500,DOM,AKLHMB,Napier,7,337.456733411855,500
DOM500,DOM,AKLHMB,Wellington,30,489.562302980938,500
DOM500,DOM,AKLHMB,AKLVIA,2,13.2505471585139,500
DOM500,DOM,AKLHMB,New Plymouth,1,253.145867238634,500
DOM500,DOM,AKLHMB,Picton,1,494.958877584795,500
DOM501,DOM,Wellington,Picton,35,65.1801350105997,501
DOM502,DOM,AKLHMB,Kawau Is,1,50.9088371503416,502
DOM503,DOM,Gulf Harbour,Great Barrier,1,67.8647552121129,503
DOM505,DOM,Tauranga,Great Barrier,2,162.671591404277,505
DOM507,DOM,AKLHMB,Tutukaka,2,143.437582941152,507
DOM507,DOM,AKLHMB,Great Barrier,18,81.6589826657178,507
DOM509,DOM,Akaroa,Lyttelton,2,29.2264268257343,509
DOM51,DOM,Opua,Bay of Islands,351,4.84592870356137,51
DOM51,DOM,Opua,Great Barrier,14,166.112224866203,51
DOM510,DOM,Tauranga,Mercury Islands,3,124.08349205273,510
DOM510,DOM,Tauranga,Great Barrier,5,162.671591404277,510
DOM510,DOM,Tauranga,Whangamata,1,59.508500443214,510
DOM511,DOM,AKLPINE,Cuvier Is,1,86.8140541617542,511
DOM511,DOM,AKLPINE,Mayor Is,5,120.073279708685,511
DOM511,DOM,AKLPINE,Mercury Islands,3,77.1340087121109,511
DOM511,DOM,AKLPINE,Great Barrier,7,77.8466200293886,511
DOM511,DOM,AKLPINE,Little Barrier,2,79.6646800658862,511
DOM512,DOM,AKLPINE,Great Barrier,10,77.8466200293886,512
DOM513,DOM,Wellington,Picton,4,65.1801350105997,513
DOM514,DOM,Wellington,Nelson,2,126.755320992848,514
DOM514,DOM,Wellington,Picton,2,65.1801350105997,514
DOM515,DOM,Wellington,Kapiti,1,49.637987469276,515
DOM515,DOM,Wellington,Nelson,1,126.755320992848,515
DOM515,DOM,Wellington,Picton,1,65.1801350105997,515
DOM517,DOM,AKLBWM,Tutukaka,4,134.718447140694,517
DOM517,DOM,AKLBWM,Great Barrier,21,85.4524619305962,517
DOM517,DOM,AKLBWM,AKLVIA,3,2.51435876517254,517
DOM517,DOM,AKLBWM,Kerikeri,1,192.287503494117,517
DOM517,DOM,AKLBWM,AKLWESTPARK,330,10.5368401335505,517
DOM518,DOM,Nelson,AKLWESTHAV,4,507.230757151023,518
DOM519,DOM,Gulf Harbour,Coromandel,1,62.3842217631991,519
DOM52,DOM,AKLOKAHU,Gulf Harbour,7,27.8764569125992,52
DOM522,DOM,AKLWESTHAV,Kawau Is,1,46.8842318909034,522
DOM522,DOM,AKLWESTHAV,Mahurangi Harbour,1,38.5919486421715,522
DOM523,DOM,AKLWESTPARK,AKLWESTHAV,120,9.29800516239908,523
DOM524,DOM,AKLPINE,Rakino Is,1,19.4209912208414,524
DOM524,DOM,AKLPINE,Kawau Is,1,53.2781381056058,524
DOM524,DOM,AKLPINE,Waiheke Island,1,10.3364645793424,524
DOM525,DOM,Waikawa Bay,Wellington,7,62.5874717894883,525
DOM525,DOM,Waikawa Bay,Picton,358,3.31620641697709,525
DOM529,DOM,Tutukaka,Opua,14,51.7980694620948,529
DOM530,DOM,AKLWESTHAV,Tutukaka,1,136.339193557832,530
DOM530,DOM,AKLWESTHAV,Whangarei,3,125.446098783501,530
DOM530,DOM,AKLWESTHAV,AKLVIA,60,1.34614263731597,530
DOM530,DOM,AKLWESTHAV,Opua,1,178.950919807639,530
DOM533,DOM,AKLBBM,Poor Knight Is,1,156.312864793657,533
DOM533,DOM,AKLBBM,Tutukaka,3,142.178903146705,533
DOM533,DOM,AKLBBM,Whangarei,20,133.245144376821,533
DOM533,DOM,AKLBBM,Opua,10,186.979444057362,533
DOM533,DOM,AKLBBM,Kerikeri,5,201.825549670997,533
DOM534,DOM,Wellington,Durville Is,1,88.8650595003458,534
DOM534,DOM,Wellington,Nelson,4,126.755320992848,534
DOM535,DOM,AKLHMB,Kawau Is,1,50.9088371503416,535
DOM535,DOM,AKLHMB,Great Barrier,1,81.6589826657178,535
DOM535,DOM,AKLHMB,Goat Is (Motuorohi),1,47.5878695152452,535
DOM535,DOM,AKLHMB,Kerikeri,1,202.974659009444,535
DOM536,DOM,AKLBBM,AKLHMB,365,1.34495353079577,536
DOM539,DOM,AKLWESTHAV,Great Barrier,12,87.9603970545836,539
DOM54,DOM,Waikawa Bay,Whangarei,2,612.284095436914,54
DOM541,DOM,AKLBBM,Mercury Islands,10,83.1740975304211,541
DOM541,DOM,AKLBBM,Great Barrier,5,80.5244264183235,541
DOM541,DOM,AKLBBM,Opua,70,186.979444057362,541
DOM541,DOM,AKLBBM,AKLWESTPARK,20,23.655437007166,541
DOM542,DOM,Gulf Harbour,Tutukaka,2,111.219518296026,542
DOM542,DOM,Gulf Harbour,Great Barrier,7,67.8647552121129,542
DOM542,DOM,Gulf Harbour,Opua,2,156.298564452781,542
DOM543,DOM,Waiheke Island,Poor Knight Is,1,150.130444614009,543
DOM543,DOM,Waiheke Island,Tutukaka,1,137.632299988048,543
DOM543,DOM,Waiheke Island,Great Barrier,5,68.2366928419014,543
DOM543,DOM,Waiheke Island,Whangarei,1,130.631581173926,543
DOM543,DOM,Waiheke Island,AKLBBM,1,12.6791364059229,543
DOM544,DOM,AKLWESTHAV,Great Barrier,3,87.9603970545836,544
DOM547,DOM,Mangonui Harbour,AKLWESTHAV,4,231.863899087374,547
DOM547,DOM,Mangonui Harbour,Tutukaka,2,114.320426871141,547
DOM547,DOM,Mangonui Harbour,Great Barrier,12,228.422199555998,547
DOM547,DOM,Mangonui Harbour,Kerikeri,2,47.6806040230197,547
DOM549,DOM,Gulf Harbour,AKLWESTHAV,1,27.2313872213665,549
DOM55,DOM,Whangarei,Kawau Is,7,86.7593943040176,55
DOM55,DOM,Whangarei,Waiheke Island,7,130.631581173926,55
DOM55,DOM,Whangarei,AKLWESTPARK,3,120.245270177251,55
DOM550,DOM,AKLWESTHAV,Great Barrier,6,87.9603970545836,550
DOM551,DOM,AKLTamaki,Coromandel,14,56.0527316461919,551
DOM556,DOM,AKLBWM,Bay of Islands,14,182.555250883123,556
DOM556,DOM,AKLBWM,AKLWESTHAV,334,2.52604433848656,556
DOM556,DOM,AKLBWM,Tutukaka,1,134.718447140694,556
DOM556,DOM,AKLBWM,Great Barrier,14,85.4524619305962,556
DOM556,DOM,AKLBWM,Kerikeri,2,192.287503494117,556
DOM557,DOM,Wellington,Kapiti,10,49.637987469276,557
DOM557,DOM,Wellington,Picton,7,65.1801350105997,557
DOM558,DOM,AKLWESTPARK,AKLWESTHAV,30,9.29800516239908,558
DOM558,DOM,AKLWESTPARK,Tutukaka,1,132.393070060332,558
DOM558,DOM,AKLWESTPARK,Great Barrier,7,92.8987795937062,558
DOM558,DOM,AKLWESTPARK,Opua,7,173.419205972118,558
DOM559,DOM,Gulf Harbour,Opua,30,156.298564452781,559
DOM56,DOM,Wellington,Durville Is,14,88.8650595003458,56
DOM56,DOM,Wellington,Westport,1,270.890722801649,56
DOM56,DOM,Wellington,Stewart Island,10,818.603024243131,56
DOM56,DOM,Wellington,Fiordland,35,673.667538552957,56
DOM56,DOM,Wellington,Nelson,3,126.755320992848,56
DOM56,DOM,Wellington,Picton,28,65.1801350105997,56
DOM561,DOM,Gulf Harbour,Great Barrier,7,67.8647552121129,561
DOM562,DOM,Gulf Harbour,Great Barrier,14,67.8647552121129,562
DOM563,DOM,AKLBBM,Tutukaka,4,142.178903146705,563
DOM563,DOM,AKLBBM,Great Barrier,5,80.5244264183235,563
DOM563,DOM,AKLBBM,Opua,14,186.979444057362,563
DOM564,DOM,Waikawa Bay,Picton,365,3.31620641697709,564
DOM565,DOM,Nelson,Napier,2,365.358035938721,565
DOM565,DOM,Nelson,Wellington,2,126.755320992848,565
DOM565,DOM,Nelson,Tutukaka,1,635.69900432516,565
DOM565,DOM,Nelson,Great Barrier,3,581.897858605787,565
DOM565,DOM,Nelson,Whangarei,2,618.244602160019,565
DOM565,DOM,Nelson,Gulf Harbour,2,534.451976186823,565
DOM565,DOM,Nelson,New Plymouth,2,253.285925783491,565
DOM565,DOM,Nelson,Kerikeri,2,675.314782971615,565
DOM565,DOM,Nelson,Tauranga,3,470.870413277369,565
DOM565,DOM,Nelson,Picton,21,61.5845841099865,565
DOM566,DOM,AKLBBM,Waiheke Island,20,12.6791364059229,566
DOM566,DOM,AKLBBM,Coromandel,10,53.0201586663035,566
DOM567,DOM,AKLPINE,Tutukaka,2,146.433099058922,567
DOM567,DOM,AKLPINE,Great Barrier,7,77.8466200293886,567
DOM567,DOM,AKLPINE,Opua,14,192.199928459924,567
DOM568,DOM,Kawau Is,AKLWESTHAV,10,46.8842318909034,568
DOM568,DOM,Kawau Is,Great Barrier,5,58.2868445706233,568
DOM568,DOM,Kawau Is,Little Barrier,1,34.4337225695974,568
DOM57,DOM,Coromandel,Bay of Islands,2,207.007684519198,57
DOM57,DOM,Coromandel,AKLWESTHAV,14,66.2164248883916,57
DOM571,DOM,Tauranga,AKLWESTHAV,14,156.730126331857,571
DOM572,DOM,AKLWESTHAV,Great Barrier,14,87.9603970545836,572
DOM575,DOM,Coromandel,Kawau Is,7,67.9118702805334,575
DOM575,DOM,Coromandel,Gulf Harbour,2,62.3842217631991,575
DOM575,DOM,Coromandel,Waiheke Island,14,41.7188881083856,575
DOM576,DOM,Whitianga,Great Barrier,14,61.8135199612512,576
DOM577,DOM,Tauranga,AKLWESTHAV,9,156.730126331857,577
DOM577,DOM,Tauranga,Great Barrier,8,162.671591404277,577
DOM578,DOM,Tauranga,Great Barrier,1,162.671591404277,578
DOM578,DOM,Tauranga,Whangarei,1,267.865205653888,578
DOM579,DOM,Tauranga,AKLWESTHAV,1,156.730126331857,579
DOM579,DOM,Tauranga,Mercury Islands,1,124.08349205273,579
DOM580,DOM,Wellington,Kapiti,333,49.637987469276,580
DOM580,DOM,Wellington,Nelson,5,126.755320992848,580
DOM580,DOM,Wellington,Picton,12,65.1801350105997,580
DOM581,DOM,Akaroa,AKLWESTHAV,362,787.601306642517,581
DOM581,DOM,Akaroa,Gisborne,3,709.552825112408,581
DOM582,DOM,AKLWESTHAV,Bay of Islands,21,183.789278318949,582
DOM582,DOM,AKLWESTHAV,Tutukaka,30,136.339193557832,582
DOM582,DOM,AKLWESTHAV,AKLVIA,7,1.34614263731597,582
DOM582,DOM,AKLWESTHAV,Opua,3,178.950919807639,582
DOM582,DOM,AKLWESTHAV,Kerikeri,14,193.445609151513,582
DOM583,DOM,AKLWESTHAV,Bay of Islands,44,183.789278318949,583
DOM583,DOM,AKLWESTHAV,Great Barrier,7,87.9603970545836,583
DOM583,DOM,AKLWESTHAV,Gulf Harbour,60,27.2313872213665,583
DOM584,DOM,AKLPINE,Opua,3,192.199928459924,584
DOM586,DOM,AKLTamaki,AKLHMB,21,2.6032479712851,586
DOM587,DOM,AKLWESTHAV,Tutukaka,3,136.339193557832,587
DOM587,DOM,AKLWESTHAV,Great Barrier,14,87.9603970545836,587
DOM587,DOM,AKLWESTHAV,Kerikeri,2,193.445609151513,587
DOM588,DOM,Akaroa,Wellington,10,316.441014448191,588
DOM588,DOM,Akaroa,AKLWESTHAV,60,787.601306642517,588
DOM588,DOM,Akaroa,Great Barrier,14,858.595524228376,588
DOM588,DOM,Akaroa,Gulf Harbour,2,814.817000758452,588
DOM588,DOM,Akaroa,Opua,1,947.80235504297,588
DOM588,DOM,Akaroa,AKLWESTPARK,90,789.026612431419,588
DOM588,DOM,Akaroa,Picton,150,292.268935443027,588
DOM59,DOM,AKLWESTHAV,Opua,60,178.950919807639,59
DOM59,DOM,AKLWESTHAV,Tauranga,60,156.730126331857,59
DOM590,DOM,AKLWESTHAV,Opua,30,178.950919807639,590
DOM591,DOM,Tauranga,AKLWESTHAV,7,156.730126331857,591
DOM592,DOM,AKLWESTHAV,Tutukaka,1,136.339193557832,592
DOM592,DOM,AKLWESTHAV,Great Barrier,60,87.9603970545836,592
DOM593,DOM,AKLPINE,Great Barrier,14,77.8466200293886,593
DOM593,DOM,AKLPINE,Opua,1,192.199928459924,593
DOM594,DOM,Lyttelton,AKLWESTHAV,183,771.022185413623,594
DOM595,DOM,Wellington,Picton,3,65.1801350105997,595
DOM596,DOM,AKLPINE,AKLWESTHAV,14,22.3073799447627,596
DOM596,DOM,AKLPINE,Great Barrier,14,77.8466200293886,596
DOM596,DOM,AKLPINE,AKLVIA,7,20.9871413012826,596
DOM599,DOM,AKLPINE,Tutukaka,1,146.433099058922,599
DOM599,DOM,AKLPINE,Great Barrier,5,77.8466200293886,599
DOM599,DOM,AKLPINE,Opua,1,192.199928459924,599
DOM600,DOM,Gulf Harbour,Great Barrier,30,67.8647552121129,600
DOM603,DOM,AKLBWM,Gulf Harbour,1,25.0587559547556,603
DOM606,DOM,Tauranga,Great Barrier,4,162.671591404277,606
DOM606,DOM,Tauranga,Waiheke Island,4,140.914308712778,606
DOM606,DOM,Tauranga,Little Barrier,2,192.368068166211,606
DOM609,DOM,Wellington,Picton,14,65.1801350105997,609
DOM61,DOM,Whangarei,Great Barrier,3,119.439822714202,61
DOM610,DOM,Wellington,Nelson,15,126.755320992848,610
DOM610,DOM,Wellington,Picton,20,65.1801350105997,610
DOM611,DOM,AKLBBM,AKLWESTPARK,14,23.655437007166,611
DOM612,DOM,AKLWESTHAV,Great Barrier,4,87.9603970545836,612
DOM614,DOM,Opua,Great Barrier,3,166.112224866203,614
DOM614,DOM,Opua,Kerikeri,3,15.7289541928254,614
DOM614,DOM,Opua,Tauranga,3,320.246655564114,614
DOM616,DOM,AKLBBM,Mahurangi Harbour,28,44.909603649999,616
DOM616,DOM,AKLBBM,Kerikeri,12,201.825549670997,616
DOM618,DOM,Wellington,Lyttelton,2,308.516347054739,618
DOM618,DOM,Wellington,Nelson,1,126.755320992848,618
DOM618,DOM,Wellington,Picton,23,65.1801350105997,618
DOM619,DOM,AKLWESTHAV,Tutukaka,1,136.339193557832,619
DOM619,DOM,AKLWESTHAV,Opua,300,178.950919807639,619
DOM62,DOM,AKLBWM,Tutukaka,2,134.718447140694,62
DOM62,DOM,AKLBWM,Great Barrier,13,85.4524619305962,62
DOM620,DOM,AKLWESTHAV,Tutukaka,1,136.339193557832,620
DOM620,DOM,AKLWESTHAV,Opua,1,178.950919807639,620
DOM621,DOM,Kerikeri,Bay of Islands,30,11.6241569586788,621
DOM622,DOM,AKLBWM,AKLWESTHAV,365,2.52604433848656,622
DOM623,DOM,AKLHMB,Tutukaka,3,143.437582941152,623
DOM624,DOM,AKLWESTHAV,Great Barrier,4,87.9603970545836,624
DOM625,DOM,AKLWESTHAV,AKLVIA,1,1.34614263731597,625
DOM625,DOM,AKLWESTHAV,Waiheke Island,1,24.5345001986998,625
DOM625,DOM,AKLWESTHAV,Coromandel,1,66.2164248883916,625
DOM626,DOM,AKLBWM,Great Barrier,9,85.4524619305962,626
DOM627,DOM,AKLTamaki,AKLWESTHAV,2,12.8835554099014,627
DOM627,DOM,AKLTamaki,AKLHMB,5,2.6032479712851,627
DOM629,DOM,Waikawa Bay,Picton,365,3.31620641697709,629
DOM631,DOM,AKLWESTHAV,Tutukaka,2,136.339193557832,631
DOM631,DOM,AKLWESTHAV,Great Barrier,44,87.9603970545836,631
DOM631,DOM,AKLWESTHAV,Opua,2,178.950919807639,631
DOM633,DOM,AKLWESTHAV,Tutukaka,2,136.339193557832,633
DOM633,DOM,AKLWESTHAV,Great Barrier,2,87.9603970545836,633
DOM633,DOM,AKLWESTHAV,Opua,1,178.950919807639,633
DOM633,DOM,AKLWESTHAV,Kerikeri,1,193.445609151513,633
DOM634,DOM,AKLPINE,Great Barrier,5,77.8466200293886,634
DOM636,DOM,AKLWESTHAV,Great Barrier,7,87.9603970545836,636
DOM636,DOM,AKLWESTHAV,Gulf Harbour,1,27.2313872213665,636
DOM637,DOM,AKLWESTPARK,Great Barrier,15,92.8987795937062,637
DOM637,DOM,AKLWESTPARK,Opua,7,173.419205972118,637
DOM638,DOM,AKLWESTHAV,Tutukaka,1,136.339193557832,638
DOM638,DOM,AKLWESTHAV,Great Barrier,37,87.9603970545836,638
DOM638,DOM,AKLWESTHAV,Gulf Harbour,4,27.2313872213665,638
DOM638,DOM,AKLWESTHAV,Opua,2,178.950919807639,638
DOM639,DOM,AKLWESTHAV,Kawau Is,1,46.8842318909034,639
DOM639,DOM,AKLWESTHAV,Waiheke Island,1,24.5345001986998,639
DOM639,DOM,AKLWESTHAV,Coromandel,1,66.2164248883916,639
DOM64,DOM,Whangarei,Tutukaka,3,23.0217288664427,64
DOM64,DOM,Whangarei,Opua,2,53.7408596879507,64
DOM64,DOM,Whangarei,Kerikeri,4,68.7816836083561,64
DOM641,DOM,AKLWESTHAV,Gulf Harbour,2,27.2313872213665,641
DOM643,DOM,AKLWESTHAV,Gulf Harbour,7,27.2313872213665,643
DOM643,DOM,AKLWESTHAV,Waiheke Island,30,24.5345001986998,643
DOM643,DOM,AKLWESTHAV,Opua,3,178.950919807639,643
DOM644,DOM,Gulf Harbour,Bay of Islands,6,161.093755387973,644
DOM644,DOM,Gulf Harbour,Tutukaka,1,111.219518296026,644
DOM644,DOM,Gulf Harbour,Whangamumu,1,156.582558575341,644
DOM645,DOM,AKLHOBS,AKLWESTHAV,5,5.17888984242762,645
DOM645,DOM,AKLHOBS,Great Barrier,21,86.0213941412251,645
DOM647,DOM,AKLWESTHAV,Great Barrier,10,87.9603970545836,647
DOM647,DOM,AKLWESTHAV,Gulf Harbour,2,27.2313872213665,647
DOM647,DOM,AKLWESTHAV,AKLPINE,2,22.3073799447627,647
DOM648,DOM,AKLWESTHAV,Tutukaka,1,136.339193557832,648
DOM649,DOM,Gulf Harbour,Kawau Is,4,19.6753970735027,649
DOM65,DOM,Whangarei,Tutukaka,4,23.0217288664427,65
DOM65,DOM,Whangarei,Great Barrier,11,119.439822714202,65
DOM65,DOM,Whangarei,Goat Is (Motuorohi),1,145.410845623702,65
DOM650,DOM,Gulf Harbour,Great Barrier,3,67.8647552121129,650
DOM651,DOM,Gulf Harbour,Bay of Islands,14,161.093755387973,651
DOM651,DOM,Gulf Harbour,Tutukaka,1,111.219518296026,651
DOM652,DOM,AKLPINE,AKLBBM,1,7.93756889733878,652
DOM653,DOM,AKLBWM,Great Barrier,7,85.4524619305962,653
DOM654,DOM,Whitianga,Mercury Islands,21,27.3075410830049,654
DOM654,DOM,Whitianga,Great Barrier,21,61.8135199612512,654
DOM655,DOM,Tauranga,Mayor Is,6,42.33760030989,655
DOM658,DOM,Lyttelton,Bluff,60,478.775009477312,658
DOM658,DOM,Lyttelton,Stewart Island,21,512.3593942732,658
DOM659,DOM,Lyttelton,Akaroa,1,29.2264268257343,659
DOM661,DOM,Wellington,Picton,10,65.1801350105997,661
DOM662,DOM,AKLWESTHAV,Waiheke Island,10,24.5345001986998,662
DOM662,DOM,AKLWESTHAV,Coromandel,10,66.2164248883916,662
DOM664,DOM,Wellington,Picton,9,65.1801350105997,664
DOM665,DOM,Opua,Great Barrier,6,166.112224866203,665
DOM669,DOM,Mahurangi Harbour,Bay of Islands,30,146.888875429693,669
DOM669,DOM,Mahurangi Harbour,AKLHMB,3,46.0933878121363,669
DOM669,DOM,Mahurangi Harbour,Great Barrier,30,71.0469510253607,669
DOM669,DOM,Mahurangi Harbour,Whangarei,1,88.3426114624194,669
DOM669,DOM,Mahurangi Harbour,Opua,7,142.081388647493,669
DOM669,DOM,Mahurangi Harbour,Kerikeri,4,156.978409343451,669
DOM67,DOM,Waiheke Island,AKLWESTHAV,1,24.5345001986998,67
DOM67,DOM,Waiheke Island,AKLPINE,1,10.3364645793424,67
DOM67,DOM,Waiheke Island,Coromandel,3,41.7188881083856,67
DOM670,DOM,Dunedin,Stewart Island,21,222.687358419826,670
DOM670,DOM,Dunedin,Picton,16,576.186040181468,670
DOM672,DOM,Tauranga,Picton,210,442.943370308214,672
DOM673,DOM,AKLWESTHAV,Bay of Islands,1,183.789278318949,673
DOM673,DOM,AKLWESTHAV,Great Barrier,4,87.9603970545836,673
DOM673,DOM,AKLWESTHAV,Gulf Harbour,7,27.2313872213665,673
DOM674,DOM,AKLWESTHAV,Great Barrier,5,87.9603970545836,674
DOM675,DOM,Whangaroa,Opua,6,44.7348208893251,675
DOM675,DOM,Whangaroa,Kerikeri,2,29.293279092652,675
DOM676,DOM,AKLBBM,AKLWESTHAV,14,14.3851659705406,676
DOM676,DOM,AKLBBM,Waiheke Island,5,12.6791364059229,676
DOM678,DOM,AKLWESTHAV,Tutukaka,2,136.339193557832,678
DOM678,DOM,AKLWESTHAV,Great Barrier,2,87.9603970545836,678
DOM68,DOM,Kawau Is,Goat Is (Motuorohi),1,61.5623547714023,68
DOM680,DOM,AKLHMB,Great Barrier,14,81.6589826657178,680
DOM681,DOM,AKLWESTHAV,Poor Knight Is,1,152.283664586849,681
DOM681,DOM,AKLWESTHAV,Tutukaka,2,136.339193557832,681
DOM681,DOM,AKLWESTHAV,Great Barrier,14,87.9603970545836,681
DOM681,DOM,AKLWESTHAV,Kerikeri,4,193.445609151513,681
DOM682,DOM,AKLHMB,Great Barrier,7,81.6589826657178,682
DOM682,DOM,AKLHMB,Opua,7,188.146868695708,682
DOM683,DOM,Mahurangi Harbour,AKLWESTHAV,7,38.5919486421715,683
DOM683,DOM,Mahurangi Harbour,Poor Knight Is,2,113.76728967502,683
DOM683,DOM,Mahurangi Harbour,Tutukaka,3,97.9081661558422,683
DOM683,DOM,Mahurangi Harbour,Great Barrier,5,71.0469510253607,683
DOM683,DOM,Mahurangi Harbour,AKLWESTPARK,7,36.0776274164474,683
DOM684,DOM,AKLWESTHAV,Kawau Is,2,46.8842318909034,684
DOM684,DOM,AKLWESTHAV,Waiheke Island,2,24.5345001986998,684
DOM685,DOM,Mahurangi Harbour,Kawau Is,7,13.5346407414456,685
DOM685,DOM,Mahurangi Harbour,Great Barrier,4,71.0469510253607,685
DOM686,DOM,Gulf Harbour,Great Barrier,7,67.8647552121129,686
DOM687,DOM,Wellington,Picton,30,65.1801350105997,687
DOM688,DOM,Whangarei,Poor Knight Is,1,47.7472554185055,688
DOM688,DOM,Whangarei,Tutukaka,2,23.0217288664427,688
DOM688,DOM,Whangarei,Great Barrier,21,119.439822714202,688
DOM688,DOM,Whangarei,Opua,4,53.7408596879507,688
DOM688,DOM,Whangarei,Kerikeri,2,68.7816836083561,688
DOM689,DOM,AKLOKAHU,Mercury Islands,4,89.9006746359559,689
DOM689,DOM,AKLOKAHU,Great Barrier,4,84.349747183972,689
DOM690,DOM,AKLWESTHAV,Great Barrier,6,87.9603970545836,690
DOM690,DOM,AKLWESTHAV,Gulf Harbour,2,27.2313872213665,690
DOM690,DOM,AKLWESTHAV,Opua,270,178.950919807639,690
DOM691,DOM,Wellington,Picton,4,65.1801350105997,691
DOM692,DOM,AKLHOBS,Great Barrier,14,86.0213941412251,692
DOM693,DOM,Gulf Harbour,Tutukaka,2,111.219518296026,693
DOM693,DOM,Gulf Harbour,Opua,2,156.298564452781,693
DOM693,DOM,Gulf Harbour,Kerikeri,3,171.277176675703,693
DOM694,DOM,AKLPINE,Great Barrier,10,77.8466200293886,694
DOM695,DOM,AKLWESTHAV,Kawau Is,3,46.8842318909034,695
DOM695,DOM,AKLWESTHAV,Coromandel,3,66.2164248883916,695
DOM695,DOM,AKLWESTHAV,AKLWESTPARK,30,9.29800516239908,695
DOM697,DOM,AKLHMB,Tutukaka,2,143.437582941152,697
DOM697,DOM,AKLHMB,Kawau Is,6,50.9088371503416,697
DOM697,DOM,AKLHMB,Whangamumu,1,188.773042831862,697
DOM697,DOM,AKLHMB,Opua,2,188.146868695708,697
DOM697,DOM,AKLHMB,Coromandel,12,53.5056046129749,697
DOM698,DOM,Waiheke Island,AKLWESTHAV,18,24.5345001986998,698
DOM7,DOM,AKLHMB,Kawau Is,60,50.9088371503416,7
DOM7,DOM,AKLHMB,Waiheke Island,30,13.6500622709202,7
DOM700,DOM,AKLHMB,Tutukaka,1,143.437582941152,700
DOM700,DOM,AKLHMB,Kawau Is,6,50.9088371503416,700
DOM700,DOM,AKLHMB,Great Barrier,6,81.6589826657178,700
DOM700,DOM,AKLHMB,Opua,2,188.146868695708,700
DOM700,DOM,AKLHMB,Coromandel,4,53.5056046129749,700
DOM701,DOM,AKLPINE,Tauranga,4,136.207939930094,701
DOM702,DOM,Wellington,Picton,14,65.1801350105997,702
DOM705,DOM,AKLPINE,Bay of Islands,9,196.990299316997,705
DOM705,DOM,AKLPINE,Tutukaka,2,146.433099058922,705
DOM705,DOM,AKLPINE,Kawau Is,1,53.2781381056058,705
DOM706,DOM,Coromandel,Great Barrier,4,49.5610192086482,706
DOM707,DOM,AKLWESTHAV,Tutukaka,2,136.339193557832,707
DOM707,DOM,AKLWESTHAV,Opua,14,178.950919807639,707
DOM708,DOM,Waikawa Bay,Wellington,7,62.5874717894883,708
DOM709,DOM,AKLWESTHAV,Tutukaka,4,136.339193557832,709
DOM709,DOM,AKLWESTHAV,Great Barrier,15,87.9603970545836,709
DOM709,DOM,AKLWESTHAV,Opua,21,178.950919807639,709
DOM71,DOM,Kawau Is,Great Barrier,1,58.2868445706233,71
DOM710,DOM,AKLBWM,Great Barrier,10,85.4524619305962,710
DOM710,DOM,AKLBWM,Gulf Harbour,1,25.0587559547556,710
DOM711,DOM,Waikawa Bay,Wellington,2,62.5874717894883,711
DOM711,DOM,Waikawa Bay,AKLWESTHAV,2,495.321479066878,711
DOM711,DOM,Waikawa Bay,Poor Knight Is,1,646.673277726086,711
DOM711,DOM,Waikawa Bay,Tutukaka,1,628.112177500962,711
DOM711,DOM,Waikawa Bay,Gulf Harbour,2,522.429309117511,711
DOM711,DOM,Waikawa Bay,Kerikeri,3,672.88589487743,711
DOM711,DOM,Waikawa Bay,Tauranga,4,440.003993078472,711
DOM712,DOM,Kerikeri,Whangamumu,1,28.0387392726563,712
DOM713,DOM,AKLOKAHU,Bay of Islands,2,187.055754054774,713
DOM713,DOM,AKLOKAHU,Kerikeri,50,196.889278783788,713
DOM715,DOM,Opua,Bay of Islands,351,4.84592870356137,715
DOM715,DOM,Opua,Kerikeri,14,15.7289541928254,715
DOM716,DOM,AKLPINE,Great Barrier,5,77.8466200293886,716
DOM717,DOM,AKLPINE,Great Barrier,14,77.8466200293886,717
DOM718,DOM,AKLWESTHAV,Gulf Harbour,44,27.2313872213665,718
DOM719,DOM,AKLWESTHAV,Tutukaka,2,136.339193557832,719
DOM719,DOM,AKLWESTHAV,Great Barrier,14,87.9603970545836,719
DOM72,DOM,Gulf Harbour,Great Barrier,21,67.8647552121129,72
DOM721,DOM,Wellington,Nelson,1,126.755320992848,721
DOM721,DOM,Wellington,Picton,2,65.1801350105997,721
DOM725,DOM,Gulf Harbour,Great Barrier,21,67.8647552121129,725
DOM726,DOM,AKLPINE,Great Barrier,14,77.8466200293886,726
DOM726,DOM,AKLPINE,Coromandel,14,46.3822608871107,726
DOM728,DOM,AKLWESTHAV,Tutukaka,5,136.339193557832,728
DOM728,DOM,AKLWESTHAV,Whangarei,3,125.446098783501,728
DOM728,DOM,AKLWESTHAV,Opua,7,178.950919807639,728
DOM728,DOM,AKLWESTHAV,AKLPINE,4,22.3073799447627,728
DOM729,DOM,AKLPINE,Bay of Islands,8,196.990299316997,729
DOM729,DOM,AKLPINE,Urquharts Bay,2,123.063353602931,729
DOM729,DOM,AKLPINE,Tutukaka,3,146.433099058922,729
DOM729,DOM,AKLPINE,Kawau Is,6,53.2781381056058,729
DOM729,DOM,AKLPINE,Coromandel,5,46.3822608871107,729
DOM73,DOM,AKLWESTHAV,Poor Knight Is,1,152.283664586849,73
DOM73,DOM,AKLWESTHAV,Great Barrier,4,87.9603970545836,73
DOM73,DOM,AKLWESTHAV,Whangarei,2,125.446098783501,73
DOM73,DOM,AKLWESTHAV,AKLWESTPARK,1,9.29800516239908,73
DOM732,DOM,AKLTamaki,Tutukaka,1,144.067340157303,732
DOM732,DOM,AKLTamaki,Great Barrier,14,84.0485053406662,732
DOM732,DOM,AKLTamaki,Opua,7,188.362816128874,732
DOM733,DOM,Gulf Harbour,AKLVIA,7,27.5726649056634,733
DOM735,DOM,Gulf Harbour,Kawau Is,4,19.6753970735027,735
DOM735,DOM,Gulf Harbour,Great Barrier,14,67.8647552121129,735
DOM735,DOM,Gulf Harbour,Waiheke Island,10,28.8424383504585,735
DOM736,DOM,Whangaroa,Kerikeri,2,29.293279092652,736
DOM737,DOM,Kerikeri,Opua,330,15.7289541928254,737
DOM739,DOM,AKLHOBS,AKLWESTHAV,1,5.17888984242762,739
DOM739,DOM,AKLHOBS,Gulf Harbour,1,28.7991362717704,739
DOM74,DOM,AKLHMB,Great Barrier,21,81.6589826657178,74
DOM740,DOM,Wellington,Picton,90,65.1801350105997,740
DOM741,DOM,Picton,Havelock,1,19.4171161607485,741
DOM742,DOM,Picton,Kapiti,2,91.2907235155906,742
DOM745,DOM,Lyttelton,Picton,90,278.9369663562,745
DOM746,DOM,AKLPINE,Bay of Islands,3,196.990299316997,746
DOM746,DOM,AKLPINE,Great Barrier,4,77.8466200293886,746
DOM748,DOM,AKLWESTHAV,AKLWESTPARK,90,9.29800516239908,748
DOM75,DOM,AKLPINE,Three Kings Is,1,399.619143685585,75
DOM75,DOM,AKLPINE,AKLWESTHAV,10,22.3073799447627,75
DOM75,DOM,AKLPINE,Poor Knight Is,3,159.613360656306,75
DOM75,DOM,AKLPINE,Great Barrier,15,77.8466200293886,75
DOM75,DOM,AKLPINE,AKLBWM,3,21.2847010784742,75
DOM75,DOM,AKLPINE,Gulf Harbour,2,35.9185363009129,75
DOM75,DOM,AKLPINE,AKLVIA,2,20.9871413012826,75
DOM75,DOM,AKLPINE,Little Barrier,1,79.6646800658862,75
DOM750,DOM,AKLWESTHAV,Great Barrier,30,87.9603970545836,750
DOM751,DOM,AKLWESTHAV,Great Barrier,3,87.9603970545836,751
DOM753,DOM,AKLTamaki,Port Fitzroy,1,88.7350128190671,753
DOM753,DOM,AKLTamaki,Coromandel,1,56.0527316461919,753
DOM754,DOM,AKLWESTHAV,Tutukaka,1,136.339193557832,754
DOM754,DOM,AKLWESTHAV,Opua,4,178.950919807639,754
DOM756,DOM,Tauranga,Mayor Is,6,42.33760030989,756
DOM756,DOM,Tauranga,Slipper Is,3,70.8163258013292,756
DOM757,DOM,Whakatane,Mayor Is,5,100.686642609633,757
DOM757,DOM,Whakatane,Great Barrier,5,227.572320922383,757
DOM76,DOM,AKLWESTHAV,Bay of Islands,10,183.789278318949,76
DOM76,DOM,AKLWESTHAV,Poor Knight Is,1,152.283664586849,76
DOM76,DOM,AKLWESTHAV,Great Barrier,8,87.9603970545836,76
DOM76,DOM,AKLWESTHAV,Waiheke Island,7,24.5345001986998,76
DOM76,DOM,AKLWESTHAV,Whangamumu,2,180.739392496489,76
DOM76,DOM,AKLWESTHAV,AKLWESTPARK,60,9.29800516239908,76
DOM76,DOM,AKLWESTHAV,Picton,14,497.641086728176,76
DOM760,DOM,AKLHMB,AKLWESTHAV,2,14.5848997254009,760
DOM760,DOM,AKLHMB,Tutukaka,2,143.437582941152,760
DOM760,DOM,AKLHMB,Mercury Islands,10,83.8201884989529,760
DOM760,DOM,AKLHMB,Kawau Is,4,50.9088371503416,760
DOM760,DOM,AKLHMB,Great Barrier,20,81.6589826657178,760
DOM760,DOM,AKLHMB,Mahurangi Harbour,3,46.0933878121363,760
DOM760,DOM,AKLHMB,Kerikeri,2,202.974659009444,760
DOM762,DOM,Wellington,Picton,8,65.1801350105997,762
DOM764,DOM,AKLWESTHAV,Bay of Islands,14,183.789278318949,764
DOM764,DOM,AKLWESTHAV,Cavalli Islands,1,215.80334960329,764
DOM764,DOM,AKLWESTHAV,AKLPINE,7,22.3073799447627,764
DOM765,DOM,AKLBBM,Motuihe Is,5,7.60345316287277,765
DOM766,DOM,AKLWESTPARK,Bay of Islands,10,178.264657531997,766
DOM766,DOM,AKLWESTPARK,Goat Is (Motuorohi),1,68.1980932651346,766
DOM767,DOM,AKLWESTHAV,Great Barrier,10,87.9603970545836,767
DOM767,DOM,AKLWESTHAV,Gulf Harbour,2,27.2313872213665,767
DOM768,DOM,Gulf Harbour,Great Barrier,5,67.8647552121129,768
DOM77,DOM,Wellington,Nelson,1,126.755320992848,77
DOM77,DOM,Wellington,Picton,8,65.1801350105997,77
DOM771,DOM,Gulf Harbour,AKLVIA,7,27.5726649056634,771
DOM772,DOM,Coromandel,Three Kings Is,6,420.295937554719,772
DOM772,DOM,Coromandel,Poor Knight Is,2,158.309776151064,772
DOM772,DOM,Coromandel,Chatham Islands,7,1039.56817233778,772
DOM772,DOM,Coromandel,Tutukaka,4,151.957226300693,772
DOM772,DOM,Coromandel,Stewart Island,5,1279.07518493832,772
DOM772,DOM,Coromandel,Great Barrier,7,49.5610192086482,772
DOM772,DOM,Coromandel,Whangarei,4,150.98744525622,772
DOM772,DOM,Coromandel,Tauranga,4,118.232400910241,772
DOM773,DOM,AKLBBM,AKLHMB,355,1.34495353079577,773
DOM774,DOM,AKLHMB,Tutukaka,4,143.437582941152,774
DOM774,DOM,AKLHMB,Great Barrier,14,81.6589826657178,774
DOM774,DOM,AKLHMB,Kerikeri,6,202.974659009444,774
DOM775,DOM,AKLWESTHAV,Tutukaka,3,136.339193557832,775
DOM775,DOM,AKLWESTHAV,Great Barrier,14,87.9603970545836,775
DOM776,DOM,AKLPINE,Bay of Islands,14,196.990299316997,776
DOM776,DOM,AKLPINE,Great Barrier,2,77.8466200293886,776
DOM778,DOM,AKLHMB,Coromandel,20,53.5056046129749,778
DOM780,DOM,Gulf Harbour,AKLWESTHAV,14,27.2313872213665,780
DOM781,DOM,AKLWESTHAV,Great Barrier,5,87.9603970545836,781
DOM783,DOM,AKLWESTHAV,Kawau Is,4,46.8842318909034,783
DOM783,DOM,AKLWESTHAV,Waiheke Island,5,24.5345001986998,783
DOM784,DOM,AKLWESTHAV,Tutukaka,8,136.339193557832,784
DOM784,DOM,AKLWESTHAV,Great Barrier,14,87.9603970545836,784
DOM784,DOM,AKLWESTHAV,Gulf Harbour,4,27.2313872213665,784
DOM784,DOM,AKLWESTHAV,Opua,2,178.950919807639,784
DOM786,DOM,AKLHMB,Great Barrier,37,81.6589826657178,786
DOM787,DOM,AKLWESTHAV,Opua,7,178.950919807639,787
DOM788,DOM,AKLBWM,AKLWESTHAV,180,2.52604433848656,788
DOM788,DOM,AKLBWM,Tutukaka,3,134.718447140694,788
DOM788,DOM,AKLBWM,Opua,180,177.720555929808,788
DOM789,DOM,AKLPINE,Mercury Islands,4,77.1340087121109,789
DOM789,DOM,AKLPINE,Great Barrier,7,77.8466200293886,789
DOM789,DOM,AKLPINE,Little Barrier,2,79.6646800658862,789
DOM791,DOM,Waikawa Bay,Picton,365,3.31620641697709,791
DOM792,DOM,Tauranga,Tutukaka,2,270.105757806086,792
DOM792,DOM,Tauranga,Opua,2,320.246655564114,792
DOM794,DOM,Nelson,Picton,20,61.5845841099865,794
DOM798,DOM,Wellington,Kapiti,350,49.637987469276,798
DOM798,DOM,Wellington,Nelson,2,126.755320992848,798
DOM799,DOM,Wellington,Picton,14,65.1801350105997,799
DOM800,DOM,AKLWESTHAV,Great Barrier,6,87.9603970545836,800
DOM800,DOM,AKLWESTHAV,AKLWESTPARK,4,9.29800516239908,800
DOM801,DOM,AKLPINE,AKLHMB,2,7.80907805057678,801
DOM801,DOM,AKLPINE,Poor Knight Is,2,159.613360656306,801
DOM801,DOM,AKLPINE,Tutukaka,2,146.433099058922,801
DOM801,DOM,AKLPINE,Great Barrier,18,77.8466200293886,801
DOM801,DOM,AKLPINE,Opua,4,192.199928459924,801
DOM801,DOM,AKLPINE,Whangamata,1,85.04491710267,801
DOM801,DOM,AKLPINE,Tauranga,1,136.207939930094,801
DOM801,DOM,AKLPINE,Little Barrier,3,79.6646800658862,801
DOM802,DOM,AKLWESTHAV,Rangitoto Is,7,14.8131191853708,802
DOM802,DOM,AKLWESTHAV,Motuihe Is,7,17.9902112272202,802
DOM804,DOM,AKLHMB,Great Barrier,2,81.6589826657178,804
DOM805,DOM,AKLBWM,Kawau Is,2,44.733147664791,805
DOM805,DOM,AKLBWM,Gulf Harbour,1,25.0587559547556,805
DOM805,DOM,AKLBWM,AKLWESTPARK,1,10.5368401335505,805
DOM806,DOM,Waikawa Bay,AKLWESTHAV,30,495.321479066878,806
DOM809,DOM,AKLWESTPARK,Great Barrier,10,92.8987795937062,809
DOM809,DOM,AKLWESTPARK,Gulf Harbour,1,27.76024585626,809
DOM810,DOM,AKLHMB,Poor Knight Is,0.5,157.624085088542,810
DOM810,DOM,AKLHMB,Great Barrier,36,81.6589826657178,810
DOM810,DOM,AKLHMB,Whangamumu,2,188.773042831862,810
DOM810,DOM,AKLHMB,Goat Is (Motuorohi),0.5,47.5878695152452,810
DOM810,DOM,AKLHMB,Opua,2,188.146868695708,810
DOM810,DOM,AKLHMB,Little Barrier,1,79.7529024550204,810
DOM811,DOM,Gulf Harbour,Great Barrier,7,67.8647552121129,811
DOM813,DOM,AKLWESTPARK,AKLWESTHAV,2,9.29800516239908,813
DOM813,DOM,AKLWESTPARK,Poor Knight Is,1,149.458548768547,813
DOM813,DOM,AKLWESTPARK,Tutukaka,4,132.393070060332,813
DOM813,DOM,AKLWESTPARK,Opua,2,173.419205972118,813
DOM813,DOM,AKLWESTPARK,Kerikeri,14,187.656305516228,813
DOM815,DOM,Picton,Havelock,6,19.4171161607485,815
DOM816,DOM,Wellington,Nelson,2,126.755320992848,816
DOM816,DOM,Wellington,Picton,84,65.1801350105997,816
DOM818,DOM,AKLWESTHAV,Great Barrier,7,87.9603970545836,818
DOM819,DOM,Gulf Harbour,AKLBWM,31,25.0587559547556,819
DOM82,DOM,Whangarei,Tutukaka,2,23.0217288664427,82
DOM82,DOM,Whangarei,Great Barrier,8,119.439822714202,82
DOM82,DOM,Whangarei,Whangamumu,2,56.215539666537,82
DOM82,DOM,Whangarei,Little Barrier,1,80.7079069856232,82
DOM821,DOM,Waikawa Bay,Picton,365,3.31620641697709,821
DOM823,DOM,AKLBWM,Whangarei,7,124.147734574579,823
DOM825,DOM,Tauranga,AKLWESTHAV,5,156.730126331857,825
DOM825,DOM,Tauranga,Mayor Is,4,42.33760030989,825
DOM825,DOM,Tauranga,Mercury Islands,15,124.08349205273,825
DOM825,DOM,Tauranga,Slipper Is,2,70.8163258013292,825
DOM825,DOM,Tauranga,Great Barrier,20,162.671591404277,825
DOM825,DOM,Tauranga,Opua,20,320.246655564114,825
DOM825,DOM,Tauranga,Kerikeri,3,335.846608439031,825
DOM826,DOM,AKLWESTHAV,Poor Knight Is,1,152.283664586849,826
DOM826,DOM,AKLWESTHAV,Tutukaka,6,136.339193557832,826
DOM826,DOM,AKLWESTHAV,Great Barrier,7,87.9603970545836,826
DOM826,DOM,AKLWESTHAV,Little Barrier,1,79.2763549237728,826
DOM827,DOM,Wellington,Kapiti,1,49.637987469276,827
DOM827,DOM,Wellington,Picton,3,65.1801350105997,827
DOM828,DOM,Opua,Bay of Islands,360,4.84592870356137,828
DOM828,DOM,Opua,AKLWESTHAV,5,178.950919807639,828
DOM829,DOM,AKLWESTHAV,Great Barrier,3,87.9603970545836,829
DOM83,DOM,Whangarei,Bay of Islands,10,58.5462639713244,83
DOM83,DOM,Whangarei,Great Barrier,14,119.439822714202,83
DOM831,DOM,Kerikeri,Great Barrier,10,181.776789634981,831
DOM831,DOM,Kerikeri,Opua,0.5,15.7289541928254,831
DOM834,DOM,Kerikeri,Bay of Islands,115,11.6241569586788,834
DOM836,DOM,AKLBBM,Bay of Islands,2,191.790306650258,836
DOM836,DOM,AKLBBM,Tutukaka,1,142.178903146705,836
DOM836,DOM,AKLBBM,Great Barrier,7,80.5244264183235,836
DOM837,DOM,AKLHMB,Bay of Islands,3,192.959742239152,837
DOM838,DOM,AKLHMB,Opua,5,188.146868695708,838
DOM839,DOM,Nelson,Picton,180,61.5845841099865,839
DOM84,DOM,Whangarei,Great Barrier,30,119.439822714202,84
DOM840,DOM,Gulf Harbour,Bay of Islands,150,161.093755387973,840
DOM840,DOM,Gulf Harbour,Great Barrier,30,67.8647552121129,840
DOM841,DOM,AKLWESTHAV,Great Barrier,6,87.9603970545836,841
DOM842,DOM,Wellington,Fiordland,42,673.667538552957,842
DOM842,DOM,Wellington,Picton,56,65.1801350105997,842
DOM845,DOM,AKLBWM,Tutukaka,3,134.718447140694,845
DOM845,DOM,AKLBWM,Great Barrier,10,85.4524619305962,845
DOM845,DOM,AKLBWM,Opua,14,177.720555929808,845
DOM845,DOM,AKLBWM,Little Barrier,1,76.9044878404375,845
DOM847,DOM,AKLHMB,Bay of Islands,21,192.959742239152,847
DOM847,DOM,AKLHMB,Tutukaka,3,143.437582941152,847
DOM847,DOM,AKLHMB,Great Barrier,14,81.6589826657178,847
DOM847,DOM,AKLHMB,Waiheke Island,21,13.6500622709202,847
DOM847,DOM,AKLHMB,Opua,3,188.146868695708,847
DOM847,DOM,AKLHMB,Coromandel,14,53.5056046129749,847
DOM85,DOM,Opua,Bay of Islands,365,4.84592870356137,85
DOM850,DOM,AKLWESTHAV,Bay of Islands,10,183.789278318949,850
DOM850,DOM,AKLWESTHAV,Port Fitzroy,1,90.0170122810128,850
DOM850,DOM,AKLWESTHAV,Mercury Islands,1,95.414435490653,850
DOM850,DOM,AKLWESTHAV,Kawau Is,4,46.8842318909034,850
DOM850,DOM,AKLWESTHAV,Waiheke Island,7,24.5345001986998,850
DOM850,DOM,AKLWESTHAV,Opua,1,178.950919807639,850
DOM851,DOM,Opua,Bay of Islands,325,4.84592870356137,851
DOM851,DOM,Opua,Three Kings Is,8,223.658495255602,851
DOM851,DOM,Opua,Kerikeri,4,15.7289541928254,851
DOM852,DOM,Waikawa Bay,Wellington,4,62.5874717894883,852
DOM852,DOM,Waikawa Bay,Nelson,14,64.1939181309258,852
DOM853,DOM,Gulf Harbour,Great Barrier,14,67.8647552121129,853
DOM854,DOM,Kerikeri,AKLWESTHAV,14,193.445609151513,854
DOM854,DOM,Kerikeri,Little Barrier,1,145.325002150353,854
DOM855,DOM,AKLTamaki,Opua,2,188.362816128874,855
DOM856,DOM,AKLWESTHAV,Bay of Islands,21,183.789278318949,856
DOM856,DOM,AKLWESTHAV,Tutukaka,2,136.339193557832,856
DOM856,DOM,AKLWESTHAV,Gulf Harbour,2,27.2313872213665,856
DOM856,DOM,AKLWESTHAV,Opua,10,178.950919807639,856
DOM858,DOM,Dunedin,Opua,90,1206.61998897747,858
DOM858,DOM,Dunedin,Picton,75,576.186040181468,858
DOM859,DOM,AKLWESTHAV,Great Barrier,7,87.9603970545836,859
DOM86,DOM,Kerikeri,AKLWESTHAV,14,193.445609151513,86
DOM86,DOM,Kerikeri,Opua,14,15.7289541928254,86
DOM860,DOM,Nelson,AKLWESTHAV,90,507.230757151023,860
DOM860,DOM,Nelson,Poor Knight Is,2,655.791139388144,860
DOM860,DOM,Nelson,Tutukaka,5,635.69900432516,860
DOM860,DOM,Nelson,Great Barrier,7,581.897858605787,860
DOM860,DOM,Nelson,AKLBWM,15,509.469025260614,860
DOM860,DOM,Nelson,Gulf Harbour,30,534.451976186823,860
DOM860,DOM,Nelson,Opua,20,664.736206400704,860
DOM861,DOM,AKLWESTHAV,Tutukaka,8,136.339193557832,861
DOM861,DOM,AKLWESTHAV,Opua,2,178.950919807639,861
DOM863,DOM,AKLBWM,Mahurangi Harbour,3,36.8571322812831,863
DOM864,DOM,AKLHMB,AKLWESTHAV,30,14.5848997254009,864
DOM865,DOM,AKLHMB,Great Barrier,15,81.6589826657178,865
DOM866,DOM,AKLDEV,Great Barrier,14,84.0771267943904,866
DOM866,DOM,AKLDEV,AKLBWM,7,3.35596483890997,866
DOM867,DOM,Gulf Harbour,AKLBWM,6,25.0587559547556,867
DOM867,DOM,Gulf Harbour,Opua,6,156.298564452781,867
DOM867,DOM,Gulf Harbour,Kerikeri,1,171.277176675703,867
DOM868,DOM,AKLWESTHAV,Motuihe Is,1,17.9902112272202,868
DOM868,DOM,AKLWESTHAV,Waiheke Island,4,24.5345001986998,868
DOM869,DOM,Stewart Island,Bluff,365,36.3876380107311,869
DOM87,DOM,Gulf Harbour,Kawau Is,30,19.6753970735027,87
DOM87,DOM,Gulf Harbour,Great Barrier,14,67.8647552121129,87
DOM871,DOM,AKLWESTHAV,Bay of Islands,17,183.789278318949,871
DOM871,DOM,AKLWESTHAV,Tutukaka,2,136.339193557832,871
DOM871,DOM,AKLWESTHAV,Kawau Is,8,46.8842318909034,871
DOM871,DOM,AKLWESTHAV,Waiheke Island,6,24.5345001986998,871
DOM871,DOM,AKLWESTHAV,Opua,4,178.950919807639,871
DOM871,DOM,AKLWESTHAV,Kerikeri,2,193.445609151513,871
DOM873,DOM,Waikawa Bay,Napier,30,312.991073674634,873
DOM873,DOM,Waikawa Bay,Wellington,9,62.5874717894883,873
DOM873,DOM,Waikawa Bay,Gisborne,2,445.57200049487,873
DOM873,DOM,Waikawa Bay,Tutukaka,1,628.112177500962,873
DOM873,DOM,Waikawa Bay,Gulf Harbour,180,522.429309117511,873
DOM873,DOM,Waikawa Bay,Opua,7,661.24072433948,873
DOM874,DOM,Wellington,Nelson,5,126.755320992848,874
DOM874,DOM,Wellington,Picton,30,65.1801350105997,874
DOM875,DOM,Whakatane,Mayor Is,1,100.686642609633,875
DOM875,DOM,Whakatane,Mercury Islands,10,186.605492416488,875
DOM875,DOM,Whakatane,Slipper Is,1,137.560583017084,875
DOM875,DOM,Whakatane,Great Barrier,3,227.572320922383,875
DOM875,DOM,Whakatane,Tauranga,8,81.7232427158884,875
DOM876,DOM,AKLWESTHAV,AKLHMB,1,14.5848997254009,876
DOM878,DOM,AKLWESTHAV,Port Fitzroy,3,90.0170122810128,878
DOM878,DOM,AKLWESTHAV,Great Barrier,3,87.9603970545836,878
DOM878,DOM,AKLWESTHAV,AKLWESTPARK,7,9.29800516239908,878
DOM879,DOM,AKLHMB,Mercury Islands,4,83.8201884989529,879
DOM879,DOM,AKLHMB,Opua,30,188.146868695708,879
DOM879,DOM,AKLHMB,Kerikeri,2,202.974659009444,879
DOM88,DOM,AKLWESTHAV,AKLPINE,1,22.3073799447627,88
DOM880,DOM,Gulf Harbour,Tutukaka,1,111.219518296026,880
DOM880,DOM,Gulf Harbour,Great Barrier,14,67.8647552121129,880
DOM880,DOM,Gulf Harbour,Opua,21,156.298564452781,880
DOM881,DOM,Tutukaka,AKLWESTHAV,2,136.339193557832,881
DOM885,DOM,Gulf Harbour,AKLWESTHAV,90,27.2313872213665,885
DOM885,DOM,Gulf Harbour,AKLWESTPARK,2,27.76024585626,885
DOM886,DOM,AKLPINE,Coromandel,5,46.3822608871107,886
DOM887,DOM,Lyttelton,AKLWESTHAV,60,771.022185413623,887
DOM887,DOM,Lyttelton,Gisborne,3,705.679324622735,887
DOM887,DOM,Lyttelton,Poor Knight Is,0.5,920.214293575143,887
DOM887,DOM,Lyttelton,Tutukaka,4,900.220474383915,887
DOM887,DOM,Lyttelton,Great Barrier,3,843.55101935212,887
DOM887,DOM,Lyttelton,Opua,10,928.996313501835,887
DOM887,DOM,Lyttelton,New Plymouth,1,517.194642276967,887
DOM887,DOM,Lyttelton,Tauranga,3,721.523271488869,887
DOM887,DOM,Lyttelton,Nelson,120,264.53510504279,887
DOM887,DOM,Lyttelton,Picton,10,278.9369663562,887
DOM889,DOM,Mahurangi Harbour,AKLWESTHAV,7,38.5919486421715,889
DOM889,DOM,Mahurangi Harbour,Tutukaka,4,97.9081661558422,889
DOM889,DOM,Mahurangi Harbour,Great Barrier,14,71.0469510253607,889
DOM889,DOM,Mahurangi Harbour,Opua,30,142.081388647493,889
DOM89,DOM,Gulf Harbour,AKLWESTHAV,270,27.2313872213665,89
DOM890,DOM,AKLOKAHU,Gulf Harbour,12,27.8764569125992,890
DOM891,DOM,Tauranga,AKLWESTHAV,14,156.730126331857,891
DOM891,DOM,Tauranga,Great Barrier,14,162.671591404277,891
DOM892,DOM,AKLWESTHAV,Great Barrier,14,87.9603970545836,892
DOM893,DOM,AKLWESTHAV,Great Barrier,3,87.9603970545836,893
DOM893,DOM,AKLWESTHAV,Little Barrier,3,79.2763549237728,893
DOM894,DOM,Picton,Kapiti,2,91.2907235155906,894
DOM895,DOM,AKLTamaki,AKLHMB,3,2.6032479712851,895
DOM895,DOM,AKLTamaki,Tutukaka,2,144.067340157303,895
DOM895,DOM,AKLTamaki,Opua,6,188.362816128874,895
DOM896,DOM,AKLBWM,Great Barrier,10,85.4524619305962,896
DOM896,DOM,AKLBWM,Gulf Harbour,0.5,25.0587559547556,896
DOM899,DOM,AKLWESTPARK,AKLVIA,1,10.6358356512312,899
DOM9,DOM,Wellington,Picton,14,65.1801350105997,9
DOM90,DOM,AKLHMB,Great Barrier,21,81.6589826657178,90
DOM901,DOM,AKLHMB,AKLWESTHAV,220,14.5848997254009,901
DOM903,DOM,Wellington,Picton,1,65.1801350105997,903
DOM905,DOM,Wellington,Kapiti,318,49.637987469276,905
DOM905,DOM,Wellington,Nelson,3,126.755320992848,905
DOM905,DOM,Wellington,Picton,30,65.1801350105997,905
DOM906,DOM,Gulf Harbour,Tutukaka,1,111.219518296026,906
DOM906,DOM,Gulf Harbour,Great Barrier,7,67.8647552121129,906
DOM906,DOM,Gulf Harbour,Opua,7,156.298564452781,906
DOM907,DOM,Picton,Wellington,4,65.1801350105997,907
DOM907,DOM,Picton,Tutukaka,1,630.295961354664,907
DOM907,DOM,Picton,Kawau Is,3,544.429902191274,907
DOM907,DOM,Picton,Gulf Harbour,3,524.760640339955,907
DOM907,DOM,Picton,Waiheke Island,2,505.430720178345,907
DOM907,DOM,Picton,Opua,4,663.266214200603,907
DOM907,DOM,Picton,Lyttelton,5,278.9369663562,907
DOM907,DOM,Picton,AKLPINE,3,495.130768989365,907
DOM908,DOM,AKLWESTHAV,Poor Knight Is,3,152.283664586849,908
DOM908,DOM,AKLWESTHAV,Tutukaka,2,136.339193557832,908
DOM908,DOM,AKLWESTHAV,Great Barrier,21,87.9603970545836,908
DOM908,DOM,AKLWESTHAV,Opua,9,178.950919807639,908
DOM908,DOM,AKLWESTHAV,Little Barrier,0.5,79.2763549237728,908
DOM909,DOM,AKLBBM,Three Kings Is,1,392.808768995805,909
DOM909,DOM,AKLBBM,Poor Knight Is,1,156.312864793657,909
DOM909,DOM,AKLBBM,Goat Is (Motuorohi),1,47.0213443555158,909
DOM910,DOM,AKLWESTHAV,Kawau Is,7,46.8842318909034,910
DOM910,DOM,AKLWESTHAV,Mahurangi Harbour,7,38.5919486421715,910
DOM910,DOM,AKLWESTHAV,Waiheke Island,7,24.5345001986998,910
DOM912,DOM,Lyttelton,Kermadecs,1,1677.57387395023,912
DOM912,DOM,Lyttelton,AKLWESTHAV,7,771.022185413623,912
DOM912,DOM,Lyttelton,AKLHMB,7,769.558783004911,912
DOM912,DOM,Lyttelton,Gisborne,4,705.679324622735,912
DOM912,DOM,Lyttelton,Poor Knight Is,1,920.214293575143,912
DOM912,DOM,Lyttelton,Tutukaka,4,900.220474383915,912
DOM912,DOM,Lyttelton,Great Barrier,10,843.55101935212,912
DOM912,DOM,Lyttelton,AKLBWM,2,773.221787910817,912
DOM912,DOM,Lyttelton,Whangarei,7,882.76667047414,912
DOM912,DOM,Lyttelton,Gulf Harbour,4,798.253397894428,912
DOM912,DOM,Lyttelton,Opua,12,928.996313501835,912
DOM912,DOM,Lyttelton,Kerikeri,3,939.3669839312,912
DOM912,DOM,Lyttelton,AKLBBM,7,770.896517698712,912
DOM912,DOM,Lyttelton,Tauranga,7,721.523271488869,912
DOM912,DOM,Lyttelton,Nelson,9,264.53510504279,912
DOM912,DOM,Lyttelton,Picton,3,278.9369663562,912
DOM913,DOM,AKLHMB,AKLWESTHAV,365,14.5848997254009,913
DOM914,DOM,AKLWESTHAV,Great Barrier,7,87.9603970545836,914
DOM915,DOM,Gulf Harbour,Great Barrier,7,67.8647552121129,915
DOM916,DOM,Nelson,Gulf Harbour,2,534.451976186823,916
DOM917,DOM,Whitianga,AKLWESTHAV,4,85.7635569458264,917
DOM917,DOM,Whitianga,Great Barrier,36,61.8135199612512,917
DOM917,DOM,Whitianga,AKLBWM,7,84.1086202478676,917
DOM917,DOM,Whitianga,Waiheke Island,15,61.7728904941318,917
DOM917,DOM,Whitianga,Little Barrier,1,92.7234935170154,917
DOM918,DOM,AKLWESTHAV,Motuihe Is,4,17.9902112272202,918
DOM918,DOM,AKLWESTHAV,Waiheke Island,10,24.5345001986998,918
DOM918,DOM,AKLWESTHAV,Coromandel,6,66.2164248883916,918
DOM918,DOM,AKLWESTHAV,AKLWESTPARK,3,9.29800516239908,918
DOM919,DOM,AKLBWM,Poor Knight Is,1,150.420340379883,919
DOM919,DOM,AKLBWM,Tutukaka,6,134.718447140694,919
DOM919,DOM,AKLBWM,Great Barrier,20,85.4524619305962,919
DOM919,DOM,AKLBWM,Whangarei,1,124.147734574579,919
DOM919,DOM,AKLBWM,Gulf Harbour,1,25.0587559547556,919
DOM919,DOM,AKLBWM,Opua,90,177.720555929808,919
DOM922,DOM,AKLWESTHAV,Port Fitzroy,20,90.0170122810128,922
DOM922,DOM,AKLWESTHAV,Rakino Is,4,22.532476561621,922
DOM922,DOM,AKLWESTHAV,Kawau Is,7,46.8842318909034,922
DOM923,DOM,Wellington,Fiordland,35,673.667538552957,923
DOM923,DOM,Wellington,Nelson,4,126.755320992848,923
DOM923,DOM,Wellington,Picton,7,65.1801350105997,923
DOM93,DOM,AKLTamaki,Great Barrier,3,84.0485053406662,93
DOM95,DOM,AKLPINE,Great Barrier,30,77.8466200293886,95
DOM95,DOM,AKLPINE,Whangarei,3,138.471630668524,95
DOM96,DOM,Waiheke Island,AKLWESTHAV,10,24.5345001986998,96
DOM96,DOM,Waiheke Island,Great Barrier,7,68.2366928419014,96
DOM98,DOM,Dunedin,Stewart Island,21,222.687358419826,98
DOM99,DOM,AKLWESTHAV,Tutukaka,2,136.339193557832,99
DOM99,DOM,AKLWESTHAV,Great Barrier,21,87.9603970545836,99
DOM99,DOM,AKLWESTHAV,Goat Is (Motuorohi),1,59.9056017831388,99
DOM99,DOM,AKLWESTHAV,Opua,7,178.950919807639,99
